EQID,Magnitude,Distance_km,Azimuth_Difference_deg,PGA_Log_Difference
25,6.19,4.0246,11.810000000000002,0.18544025493872385
29,5.33,4.8122,6.930000000000007,0.1992792781224313
30,6.61,3.3558,0.46000000000000796,0.10062356882868018
30,6.61,4.1183,3.240000000000009,0.32080612411711124
30,6.61,4.7236,6.259999999999991,0.13702771936913616
30,6.61,4.8122,2.230000000000018,0.18005275916904662
30,6.61,4.9345,2.490000000000009,0.08195303696464595
35,5.2,1.1236,0.6100000000000136,0.4316079985794603
42,5.5,0.6355,1.960000000000008,0.24843904767521763
43,5.91,0.6355,2.3799999999999955,0.29089542424593884
48,5.74,1.7383,0.37000000000000455,0.36891323185372715
48,5.74,1.8614,5.399999999999977,0.001247090226812797
48,5.74,1.9923,3.589999999999975,0.003248660756379085
48,5.74,3.388,9.340000000000003,0.03201317799572856
48,5.74,3.5566,5.769999999999982,0.36766614162691436
48,5.74,3.6854,1.8100000000000023,0.004495750983191882
48,5.74,4.3716,3.819999999999993,0.1900652152741587
50,6.53,1.4921,0.0,0.05210166242682612
50,6.53,1.6913,0.0,0.0809966904968003
50,6.53,1.9389,180.0,0.011199924665080296
50,6.53,2.5457,0.0,0.29072445220912135
50,6.53,2.6484,0.0,0.03712571532349224
50,6.53,3.2942,0.0,0.08149358362199133
50,6.53,3.3297,0.0,0.03364293713091959
50,6.53,3.445,0.0,0.37172114270592166
50,6.53,3.5364,0.0,0.3428261146359475
50,6.53,4.0924,0.0,0.27602497254636205
50,6.53,4.4185,0.0,0.07771488697190287
50,6.53,4.422,0.0,0.08604199579690519
50,6.53,4.5783,180.0,0.02592579065841194
50,6.53,4.6752,0.0,0.0004968931251910225
50,6.53,4.7171,0.0,0.3729066898355283
50,6.53,4.7762,0.0,0.4238228051327478
51,5.01,1.6913,11.909999999999997,0.05425671299484147
51,5.01,1.9389,15.129999999999995,0.1067128841869166
51,5.01,2.6484,17.22,0.022403333846891305
51,5.01,2.7735,0.009999999999990905,0.000888547408587459
51,5.01,3.2942,23.74000000000001,0.1284374247177691
51,5.01,3.3297,19.819999999999993,0.10515574058918309
51,5.01,3.5364,12.990000000000009,0.46139934672352767
51,5.01,4.0924,13.870000000000005,0.5521221090992907
51,5.01,4.5783,32.349999999999994,0.0843095503400253
51,5.01,4.6752,35.650000000000006,0.07418071172292762
51,5.01,4.7762,24.900000000000006,0.4071426337286862
61,5.94,0.0881,0.7800000000000011,0.10143182433262288
71,5.9,0.1957,0.05000000000001137,0.04293427082556156
71,5.9,0.1985,0.01999999999998181,0.09848560743185264
71,5.9,0.3941,0.06999999999999318,0.1414198782574142
71,5.9,0.5764,1.2700000000000102,0.09990401210223443
71,5.9,0.7867,1.0800000000000125,0.07236255668998537
71,5.9,0.8183,0.09000000000000341,0.020153832464124388
71,5.9,0.8634,1.3600000000000136,0.07975017963811004
71,5.9,0.8803,2.019999999999982,0.12418739561910497
71,5.9,0.9556,1.1300000000000239,0.11529682751554693
71,5.9,0.9786,0.8599999999999852,0.09817059021854024
71,5.9,0.989,2.019999999999982,0.11475263282141546
71,5.9,1.0063,0.11000000000001364,0.12592081750279915
71,5.9,1.0168,0.10999999999998522,0.11863943989597703
71,5.9,1.0239,1.3799999999999955,0.0187354277937426
71,5.9,1.1148,1.5900000000000034,0.24961702674288533
71,5.9,1.1302,1.1800000000000068,0.10289371882425258
71,5.9,1.1319,1.1500000000000057,0.21378243494739957
71,5.9,1.1497,2.1299999999999955,0.0017334218836941861
71,5.9,1.1976,1.4300000000000068,0.06166969861930416
71,5.9,1.2123,0.1599999999999966,0.1615737107215386
71,5.9,1.2501,0.8400000000000034,0.011858913997162879
71,5.9,1.2833,2.769999999999982,0.14672330791863275
71,5.9,1.2897,1.1599999999999966,0.026016805400564724
71,5.9,1.7456,4.090000000000003,0.13011580620967433
71,5.9,1.8018,0.2400000000000091,0.08422147068714825
71,5.9,1.8065,2.219999999999999,0.018420410580430202
71,5.9,1.8246,0.20000000000001705,0.10576698503867477
71,5.9,1.9047,1.240000000000009,0.23393626741152396
71,5.9,1.9082,3.6200000000000045,0.06763646499347697
71,5.9,1.9102,4.0,0.10996197374554995
71,5.9,1.9118,2.259999999999991,0.03053116213426721
71,5.9,1.9143,3.8500000000000227,0.21908586460861812
71,5.9,1.9609,0.07999999999998408,0.2505437691204824
71,5.9,1.979,2.5100000000000193,0.13403225530928953
71,5.9,1.9843,2.2399999999999807,0.11690601801228284
71,5.9,1.9877,3.6100000000000136,0.13486439392146987
71,5.9,1.9928,3.569999999999993,0.024702194167915414
71,5.9,1.9956,3.8600000000000136,0.15185793568062522
71,5.9,1.9974,0.29000000000002046,0.1271557415127098
71,5.9,1.9985,3.980000000000018,0.011476366313697306
71,5.9,2.0119,3.900000000000034,0.2620201354341797
71,5.9,2.0231,0.21999999999999886,0.007281377606822126
71,5.9,2.0332,4.200000000000017,0.00419498870687518
71,5.9,2.0855,2.3100000000000023,0.012403108691294351
71,5.9,2.0922,3.930000000000007,0.031457904511864254
71,5.9,2.102,3.5500000000000114,0.07378341326393723
71,5.9,2.1168,3.920000000000016,0.3605057428660323
71,5.9,2.1666,2.289999999999992,0.1598402888378444
71,5.9,2.1947,4.700000000000017,0.13999902168346234
71,5.9,2.1959,0.3100000000000023,0.22564134894456245
71,5.9,2.2004,2.8499999999999943,0.10382046120184962
71,5.9,2.2143,2.1899999999999977,0.005966766374172816
71,5.9,2.2185,0.27000000000001023,0.035652893218739434
71,5.9,2.2613,2.329999999999984,0.11088871612314699
71,5.9,2.3027,5.360000000000014,0.030211794107439904
71,5.9,2.6624,4.009999999999991,0.3806595753301567
71,5.9,2.6652,3.460000000000008,0.09393724572806161
71,5.9,2.7186,6.219999999999999,0.12838238432598015
71,5.9,2.8324,5.8799999999999955,0.037105302859209766
71,5.9,2.8891,1.3500000000000227,0.1080154499087248
71,5.9,2.8898,1.670000000000016,0.0009267423775970451
71,5.9,2.919,1.670000000000016,0.1458911693064524
71,5.9,2.9376,3.3700000000000045,0.23220284552782977
71,5.9,2.9536,1.3300000000000125,0.09220382384436743
71,5.9,2.9563,5.28000000000003,0.2807555632279223
71,5.9,3.0141,0.4000000000000057,0.24579518140868684
71,5.9,3.0148,2.420000000000016,0.13104254858727138
71,5.9,3.108,3.6899999999999977,0.03113853648503695
71,5.9,3.4248,3.6899999999999977,0.1156793751990125
71,5.9,3.4586,7.470000000000027,0.2867223296020951
71,5.9,3.4816,4.1200000000000045,0.25473875782735755
71,5.9,3.5,3.3499999999999943,0.03198357177473754
71,5.9,3.8073,6.139999999999986,0.3789261534464625
71,5.9,3.8941,2.530000000000001,0.24406175952499265
71,5.9,3.9759,2.5300000000000296,0.005121731084472225
71,5.9,3.9907,7.550000000000011,0.03617856048161272
71,5.9,4.0202,0.5100000000000193,0.11987436390588768
71,5.9,4.0675,4.550000000000011,0.1293091267035772
76,6.36,1.0639,0.27000000000001023,0.07598143374963029
76,6.36,1.1225,0.8899999999999864,0.1616183117772152
76,6.36,1.3316,0.44999999999998863,0.038497891377941684
76,6.36,1.3488,1.170000000000016,0.06487678150081133
76,6.36,1.4567,1.1599999999999966,0.2510049801286134
76,6.36,1.5526,0.9300000000000068,0.3365362779209735
76,6.36,1.6165,1.1999999999999886,0.07974549828279476
76,6.36,1.6257,2.230000000000018,0.07099738648655396
76,6.36,1.634,0.9699999999999989,0.3293221842883156
76,6.36,1.7791,0.5,0.11235306384617416
76,6.36,1.8521,1.8100000000000023,0.4861183867091712
76,6.36,1.9205,1.0199999999999818,0.05091807689431049
76,6.36,1.9645,1.0699999999999932,0.32200236661516735
76,6.36,2.0408,3.1200000000000045,0.26049215645739576
76,6.36,2.0926,1.1599999999999966,0.0856368780275849
76,6.36,2.1089,1.210000000000008,0.09035873496995794
76,6.36,2.1204,1.6800000000000068,0.1995569980315186
76,6.36,2.2137,3.1999999999999886,0.2963164962525062
76,6.36,2.2137,2.4099999999999966,0.009354842935681229
76,6.36,2.3188,1.8600000000000136,0.1707827929406226
76,6.36,2.3479,2.1999999999999886,0.00389002566168295
76,6.36,2.374,1.1800000000000068,0.18176845468094838
76,6.36,2.3769,0.3400000000000034,0.37800922693699734
76,6.36,2.4641,3.759999999999991,0.36307352932538794
76,6.36,2.4727,0.28999999999999204,0.34424391379231734
76,6.36,2.5202,3.5,0.17218811216512342
76,6.36,2.5209,2.8700000000000045,0.00039716849441950863
76,6.36,2.5258,3.8799999999999955,0.20344702369320156
76,6.36,2.5334,1.3499999999999943,0.21450290472706168
76,6.36,2.608,3.569999999999993,0.29899004783533745
76,6.36,2.6111,1.4699999999999989,0.0037640645331644684
76,6.36,2.6396,1.920000000000016,0.2777530837227894
76,6.36,2.6929,1.6999999999999886,0.06447961300639182
76,6.36,2.742,1.8600000000000136,0.16770387251110042
76,6.36,2.7769,1.0999999999999943,0.21647348669348376
76,6.36,2.8319,1.0900000000000034,0.1628332692294422
76,6.36,2.9352,1.009999999999991,0.30106412432165064
76,6.36,3.1616,3.490000000000009,0.04792741753981111
76,6.36,3.1655,4.360000000000014,0.04531151612389284
76,6.36,3.1702,4.6299999999999955,0.13976330028269934
76,6.36,3.1751,2.1999999999999886,0.04485480827504429
76,6.36,3.1798,3.4000000000000057,0.12460030655783905
76,6.36,3.1857,1.9000000000000057,0.007214093632657903
76,6.36,3.218,2.740000000000009,0.24989346400253099
76,6.36,3.2566,0.5799999999999841,0.04059181306124482
76,6.36,3.4085,4.319999999999993,0.2214300397291158
76,6.36,3.4124,2.280000000000001,0.07492009847503267
76,6.36,3.4307,4.050000000000011,0.7073174431177053
76,6.36,3.4347,1.1399999999999864,0.09183588274288823
76,6.36,3.44,3.009999999999991,0.5658638849919659
76,6.36,3.4718,1.9499999999999886,0.285618201026663
76,6.36,3.5888,2.3100000000000023,0.1322849015626809
76,6.36,3.6969,2.3600000000000136,0.16538237631037966
76,6.36,3.7239,2.1299999999999955,0.2436853062607307
76,6.36,3.7395,5.439999999999998,0.16351653129386934
76,6.36,3.7539,4.639999999999986,0.08035222942223519
76,6.36,3.7727,5.319999999999993,0.2643821821190787
76,6.36,3.7997,5.430000000000007,0.3673138827390602
76,6.36,3.8523,2.5200000000000102,0.14962612322625035
76,6.36,3.8784,2.420000000000016,0.06016961515202812
76,6.36,3.9585,1.9300000000000068,0.12083624202467458
76,6.36,3.9755,3.25,0.10057232688605156
76,6.36,4.003,4.1299999999999955,0.040571967864254876
76,6.36,4.0241,6.329999999999984,0.03668194220257193
76,6.36,4.0246,2.2299999999999898,0.14127681186426844
76,6.36,4.0413,3.680000000000007,0.007594883824827869
76,6.36,4.0425,2.990000000000009,0.3043499320282228
76,6.36,4.0644,5.719999999999999,0.023069968946742847
76,6.36,4.1004,3.480000000000018,0.3313572095508486
76,6.36,4.1811,0.5600000000000023,0.3395620156995923
76,6.36,4.2938,2.789999999999992,0.1688324054098731
76,6.36,4.304,5.650000000000006,0.2186425839338828
76,6.36,4.3075,5.289999999999992,0.05977244665760861
76,6.36,4.3272,6.710000000000008,0.12910780341809658
76,6.36,4.3581,3.280000000000001,0.48988245124233565
76,6.36,4.4008,5.210000000000008,0.6107186932670102
76,6.36,4.4291,1.5199999999999818,0.20722643399637475
76,6.36,4.456,1.039999999999992,0.04078206975254062
76,6.36,4.471,0.8899999999999864,0.0018134847175224067
76,6.36,4.5488,7.0,0.4639391801505973
76,6.36,4.5668,0.01999999999998181,0.15916909738572516
76,6.36,4.5994,4.649999999999977,0.2989323976684245
76,6.36,4.6234,3.2299999999999898,0.27881219908591093
76,6.36,4.6369,4.340000000000003,0.204480613509618
76,6.36,4.6759,0.3499999999999943,0.15002329172066986
76,6.36,4.6846,5.480000000000018,0.029574940399497596
76,6.36,4.7535,6.0,0.32208482795881044
76,6.36,4.7722,5.77000000000001,0.3028800734970204
76,6.36,4.7738,5.430000000000007,0.12820725489471485
76,6.36,4.8376,0.8400000000000034,0.10992716982173278
76,6.36,4.898,6.1299999999999955,0.1696996164793414
76,6.36,4.9671,7.639999999999986,0.1596265056321864
77,5.09,0.1876,0.0,0.005133596057470213
77,5.09,1.4895,2.0400000000000205,0.16732291345767125
77,5.09,1.8947,20.909999999999997,0.267108195991826
77,5.09,2.069,13.170000000000016,0.11517341551963967
77,5.09,2.308,0.0,0.4135335916365356
77,5.09,2.4623,0.0,0.28785390571415215
77,5.09,2.6095,36.120000000000005,0.324764483104546
77,5.09,3.0516,4.75,0.6472882909696787
77,5.09,3.195,153.74,0.21475022713870595
77,5.09,4.0263,4.75,0.23375469933314308
77,5.09,4.275,14.740000000000009,0.030670531281916658
77,5.09,4.3247,13.170000000000016,0.4030273212337918
77,5.09,4.4859,57.03,0.05765628711271997
77,5.09,4.5441,25.659999999999997,0.38018009497785266
77,5.09,4.5855,0.0,0.12567968592238343
77,5.09,4.6635,25.659999999999997,0.033353496658682924
77,5.09,4.6768,4.75,0.3594343852555265
78,5.38,1.4895,4.920000000000016,0.5176930779153188
79,5.18,1.4895,4.740000000000009,0.08109673242894533
79,5.18,1.9924,0.0,0.2268290896884948
79,5.18,2.308,0.13999999999998636,0.5296486688996774
79,5.18,2.4623,0.0,0.08017932777311654
79,5.18,2.6101,0.13999999999998636,0.30281957921118263
79,5.18,2.6963,0.0,0.30700841746161134
79,5.18,3.195,17.400000000000006,0.19346974652093551
79,5.18,4.4004,17.54000000000002,0.10934983269024712
79,5.18,4.5441,0.0,0.29528244780352375
79,5.18,4.5855,0.13999999999998636,0.609827996672794
79,5.18,4.6635,0.13999999999998636,0.23436622109615368
80,5.77,1.4895,7.469999999999999,0.17430098242967595
80,5.77,2.6101,0.0,0.6425743122133669
80,5.77,2.6963,0.0,0.09031706459430382
80,5.77,3.195,1.6800000000000068,0.20506442322635743
80,5.77,4.4004,1.6800000000000068,0.43750988898700943
80,5.77,4.5855,0.0,0.552257247619063
80,5.77,4.6635,3.670000000000016,0.185332153457327
86,6.5,0.0909,0.05000000000001137,0.03960789167472223
86,6.5,0.1017,0.05000000000001137,0.024860195664078377
86,6.5,0.1933,0.07999999999998408,0.09926326165043631
86,6.5,0.1957,0.030000000000001137,0.05965536997571408
86,6.5,0.1985,0.030000000000001137,0.06291778253118907
86,6.5,0.2042,0.07999999999998408,0.03805758686711069
86,6.5,0.3786,0.11000000000001364,0.03634547911924724
86,6.5,0.3893,0.11000000000001364,0.021597783108603386
86,6.5,0.3941,0.060000000000002274,0.0032624125554749916
86,6.5,0.3975,0.1599999999999966,0.061205674783325614
86,6.5,0.7623,0.30000000000001137,0.020058036226440867
86,6.5,0.7867,0.35000000000002274,0.01954985544828136
86,6.5,0.8183,0.09999999999999432,0.06609473937452015
86,6.5,0.8448,0.05000000000001137,0.04123454371044177
86,6.5,0.855,0.13999999999998636,0.045998230301819154
86,6.5,0.9556,0.37999999999999545,0.07920522542399544
86,6.5,0.989,0.539999999999992,0.09513952372093426
86,6.5,1.0168,0.12999999999999545,0.00317695684333108
86,6.5,1.1037,0.4300000000000068,0.0852618438854198
86,6.5,1.1148,0.3299999999999841,0.03515102739967557
86,6.5,1.1302,0.4300000000000068,0.0479670714236502
86,6.5,1.1319,0.410000000000025,0.01628744289280637
86,6.5,1.1497,0.5999999999999943,0.02860455718029553
86,6.5,1.1598,0.46000000000000796,0.04114763855688475
86,6.5,1.1882,0.20999999999997954,0.10244021849376739
86,6.5,1.2123,0.1599999999999966,0.06283232681904516
86,6.5,1.2501,0.11000000000001364,0.14310659514458446
86,6.5,1.2833,0.7599999999999909,0.012816044023974626
86,6.5,1.7272,1.0300000000000011,0.056657286705124266
86,6.5,1.7427,0.29000000000002046,0.03926361358360064
86,6.5,1.7456,1.0400000000000205,0.045722060167833645
86,6.5,1.7807,0.6499999999999773,0.0698391008907373
86,6.5,1.8018,0.2400000000000091,0.1235567396963031
86,6.5,1.8065,0.6999999999999886,0.09469929655481568
86,6.5,1.8304,0.18999999999999773,0.16316463137102533
86,6.5,1.8481,1.0600000000000023,0.032874080250415494
86,6.5,1.8538,0.7400000000000091,0.017393673121523623
86,6.5,1.8796,1.079999999999984,0.015422742994682492
86,6.5,1.8922,0.7300000000000182,0.06802510765009107
86,6.5,1.9047,0.5099999999999909,0.08238218226732652
86,6.5,1.9082,0.8899999999999864,0.11413987857936303
86,6.5,1.9102,0.9399999999999977,0.020372679206686506
86,6.5,1.9118,0.7800000000000011,0.028417215975368837
86,6.5,1.9143,1.1100000000000136,0.006733811424306735
86,6.5,1.9565,1.1299999999999955,0.009437452669395885
86,6.5,1.9609,0.22999999999998977,0.02384407807551825
86,6.5,1.9843,0.7299999999999898,0.03178151402362661
86,6.5,1.9877,0.8700000000000045,0.13029055112060983
86,6.5,1.9928,0.8600000000000136,0.05448450860364895
86,6.5,1.9956,1.1299999999999955,0.009416861116940067
86,6.5,1.9974,0.27000000000001023,0.06390136972058902
86,6.5,1.9983,0.9399999999999977,0.15374777025408526
86,6.5,1.9985,0.910000000000025,0.042545103324502564
86,6.5,2.005,0.8300000000000125,0.05671815832593374
86,6.5,2.0096,0.9900000000000091,0.004487516457391871
86,6.5,2.0097,0.7800000000000011,0.09254209547075964
86,6.5,2.0119,1.1399999999999864,0.06638918140002081
86,6.5,2.0583,1.1599999999999966,0.053480329861793185
86,6.5,2.0855,0.8100000000000023,0.031238154000345242
86,6.5,2.0922,0.8799999999999955,0.017110266651211514
86,6.5,2.102,0.8299999999999841,0.11740229113483802
86,6.5,2.1168,1.170000000000016,0.003471398868831743
86,6.5,2.1514,0.8700000000000045,0.15089779809974502
86,6.5,2.1564,0.30000000000001137,0.10796483846544214
86,6.5,2.1666,0.7599999999999909,0.09143688399934069
86,6.5,2.177,0.8100000000000023,0.13104477567406292
86,6.5,2.1794,1.1899999999999977,0.006175040113920893
86,6.5,2.1795,0.35000000000002274,0.10195895658769971
86,6.5,2.189,1.2199999999999989,0.02833159453291012
86,6.5,2.1947,1.240000000000009,0.1336897340276444
86,6.5,2.1959,0.30000000000001137,0.1268191522517781
86,6.5,2.2004,0.5300000000000011,0.036660122099492876
86,6.5,2.2325,1.240000000000009,0.04578293178864312
86,6.5,2.2613,0.8400000000000034,0.03167962853084383
86,6.5,2.2897,0.8899999999999864,0.006819432866765451
86,6.5,2.5909,0.789999999999992,0.02384087058891815
86,6.5,2.6032,0.839999999999975,0.04870106625299653
86,6.5,2.6624,1.2699999999999818,0.0695661382433519
86,6.5,2.6652,0.7300000000000182,0.05130755176031787
86,6.5,2.7186,1.6399999999999864,0.07432661734812918
86,6.5,2.7911,0.8700000000000045,0.014216716278192543
86,6.5,2.8324,1.670000000000016,0.08572266260399419
86,6.5,2.8898,0.10000000000002274,0.011306949324157323
86,6.5,2.9376,1.1100000000000136,0.11098673944762205
86,6.5,2.9434,1.5400000000000205,0.025724895562202255
86,6.5,2.9488,1.009999999999991,0.10489956779792586
86,6.5,2.9536,0.12999999999999545,0.02270299458002234
86,6.5,2.9802,0.8999999999999773,0.045438653697521536
86,6.5,2.9806,0.9499999999999886,0.08504654537224376
86,6.5,3.0141,0.4000000000000057,0.06072441287725794
86,6.5,3.0148,0.9399999999999977,0.03441511084367632
86,6.5,3.1132,1.7800000000000011,0.028328387046310022
86,6.5,3.4248,0.6399999999999864,0.10644647304509158
86,6.5,3.4416,0.5799999999999841,0.19016141168334566
86,6.5,3.4586,2.0,0.12087369000366976
86,6.5,3.4722,2.069999999999993,0.010935226537290621
86,6.5,3.5862,1.4300000000000068,0.1173816995823822
86,6.5,3.7317,1.25,0.0649885091458029
86,6.5,3.7721,0.009999999999990905,0.0687012248818415
86,6.5,3.8073,1.8700000000000045,0.09817069542364742
86,6.5,3.8941,1.0,0.03211985569696241
86,6.5,3.9907,1.7700000000000102,0.09702961192815152
86,6.5,4.0051,1.6100000000000136,0.1335041249782214
86,6.5,4.0229,1.9699999999999989,0.022242175861447944
86,6.5,4.0675,1.539999999999992,0.06301966802397185
86,6.5,4.068,2.3000000000000114,0.012908851538227628
86,6.5,4.4887,2.009999999999991,0.05217246512182827
86,6.5,4.7257,1.6599999999999966,0.17473866868866317
86,6.5,4.7363,1.1399999999999864,0.07811808599878156
86,6.5,4.7448,1.7099999999999795,0.19959886435274155
86,6.5,4.8556,1.6800000000000068,0.0170214377221527
86,6.5,4.9283,1.740000000000009,0.13668108182155247
90,6.19,0.3553,1.3400000000000034,0.14576637496608724
90,6.19,1.4621,3.6100000000000136,0.20784596115929577
90,6.19,1.7383,4.949999999999989,0.353612336125383
90,6.19,1.8614,7.47999999999999,0.056613476295752085
90,6.19,1.9923,6.22999999999999,0.17005198914145636
90,6.19,3.2409,11.090000000000003,0.26445943745504785
90,6.19,3.5566,12.430000000000007,0.4102258124211351
90,6.19,3.6854,13.710000000000008,0.22666546543720845
90,6.19,4.3716,21.860000000000014,0.04025344471730807
90,6.19,4.3808,1.3100000000000023,0.030580000382449235
90,6.19,4.5062,20.789999999999992,0.2755892163411374
90,6.19,4.7516,8.460000000000008,0.033794476793506556
95,5.8,0.0909,0.03999999999999204,0.15799659471058747
95,5.8,0.1017,0.060000000000002274,0.09590473595575233
95,5.8,0.1933,0.2599999999999909,0.2403968841112467
95,5.8,0.1957,0.21999999999999886,0.08240028940065924
95,5.8,0.1985,0.21000000000000796,0.06987418952482938
95,5.8,0.2042,0.27000000000001023,0.1657789254805817
95,5.8,0.3786,0.46999999999999886,0.3102710736360761
95,5.8,0.3893,0.4900000000000091,0.24817921488124095
95,5.8,0.3941,0.4300000000000068,0.15227447892548862
95,5.8,0.3975,0.5300000000000011,0.4061758095918284
95,5.8,0.5764,0.27000000000001023,0.10789779882160766
95,5.8,0.7623,1.0,0.44287777390316085
95,5.8,0.7867,1.039999999999992,0.2848811791925734
95,5.8,0.8183,0.8899999999999864,0.031157304769752425
95,5.8,0.8202,1.0999999999999943,0.23495983954711241
95,5.8,0.8448,0.8299999999999841,0.12706204072550475
95,5.8,0.8634,1.1599999999999966,0.13905510359136009
95,5.8,0.8803,0.4099999999999966,0.2233669191851111
95,5.8,0.9556,1.259999999999991,0.20248088979191414
95,5.8,0.9786,1.25,0.10907640703622623
95,5.8,0.989,0.6399999999999864,0.3105255216615759
95,5.8,1.0063,1.1100000000000136,0.22218831097049252
95,5.8,1.0168,1.0999999999999943,0.03871688475507695
95,5.8,1.0239,1.3700000000000045,0.06918091406653071
95,5.8,1.1148,0.22999999999998977,0.09290762869862412
95,5.8,1.1302,1.4799999999999898,0.14337292363570642
95,5.8,1.1319,1.4699999999999989,0.13260670026708476
95,5.8,1.1497,1.5200000000000102,0.0011786082146185706
95,5.8,1.1598,1.5300000000000011,0.036701964311332436
95,5.8,1.1882,1.3600000000000136,0.27911376886632366
95,5.8,1.1976,1.5900000000000034,0.013219375334128536
95,5.8,1.2123,1.3199999999999932,0.1211171741557362
95,5.8,1.217,1.6299999999999955,0.171215970044716
95,5.8,1.2501,0.8400000000000034,0.16715259802586946
95,5.8,1.2833,1.25,0.050465294937082295
95,5.8,1.2897,0.8400000000000034,0.11429051214888486
95,5.8,1.7456,1.490000000000009,0.05424196321290453
95,5.8,1.7807,2.3499999999999943,0.12588343251088618
95,5.8,1.8018,1.8799999999999955,0.45203377721844284
95,5.8,1.8065,2.4099999999999966,0.029978696555133855
95,5.8,1.8246,2.0,0.25334561574024494
95,5.8,1.8304,1.8400000000000034,0.6100303719290303
95,5.8,1.8481,2.25,0.39241247896607856
95,5.8,1.8481,1.9399999999999977,0.3492503516959973
95,5.8,1.8922,2.4799999999999898,0.29950485026745444
95,5.8,1.9047,2.3600000000000136,0.1637640050368372
95,5.8,1.9082,0.5,0.23734605630423844
95,5.8,1.9102,0.5999999999999943,0.023084658443152106
95,5.8,1.9118,2.519999999999982,0.14150825555686697
95,5.8,1.9143,2.289999999999992,0.2344158842554911
95,5.8,1.9609,2.1200000000000045,0.059056746886850364
95,5.8,1.979,2.6299999999999955,0.27166180385844485
95,5.8,1.9843,2.6200000000000045,0.03989549296969552
95,5.8,1.9877,0.4099999999999966,0.21761789296295175
95,5.8,1.9928,0.28000000000000114,0.1549457669035792
95,5.8,1.9956,2.3799999999999955,0.2146877209142044
95,5.8,1.9974,2.0999999999999943,0.3696334878177836
95,5.8,1.9983,0.539999999999992,0.3953426510148259
95,5.8,1.9985,0.38999999999998636,0.09295884796798148
95,5.8,2.005,0.12999999999999545,0.3333557320792282
95,5.8,2.0096,0.6599999999999966,0.07282007751260022
95,5.8,2.0097,0.009999999999990905,0.01083315857700251
95,5.8,2.0119,2.509999999999991,0.15201559485483185
95,5.8,2.0231,2.210000000000008,0.18347142621541557
95,5.8,2.0332,2.5999999999999943,0.27643027418339705
95,5.8,2.0855,2.740000000000009,0.059107966156207725
95,5.8,2.0922,0.1699999999999875,0.17535913736864073
95,5.8,2.102,0.06999999999999318,0.08507157737874982
95,5.8,2.1168,2.719999999999999,0.08214140533000247
95,5.8,2.1666,2.8400000000000034,0.12229578237035477
95,5.8,2.177,2.8799999999999955,0.28029237708094223
95,5.8,2.1795,2.3700000000000045,0.2038545623372019
95,5.8,2.189,2.780000000000001,0.013763330625749859
95,5.8,2.1925,2.469999999999999,0.056925457895831144
95,5.8,2.1947,1.539999999999992,0.047535122888334946
95,5.8,2.1959,2.3100000000000023,0.2997592982929542
95,5.8,2.2004,0.8700000000000045,0.10952204182393266
95,5.8,2.2143,1.0900000000000034,0.2241266809701099
95,5.8,2.2185,2.430000000000007,0.10107113681475632
95,5.8,2.2613,2.9499999999999886,0.010766223368621652
95,5.8,2.2897,3.009999999999991,0.10667095932437398
95,5.8,2.3027,1.759999999999991,0.1621397620345122
95,5.8,2.6624,3.6100000000000136,0.1132987100997549
95,5.8,2.6652,0.8199999999999932,0.11622888214850224
95,5.8,2.7186,3.009999999999991,0.05306335499828596
95,5.8,2.8324,3.019999999999982,0.09583780074737147
95,5.8,2.8891,3.469999999999999,0.3859523160073297
95,5.8,2.8898,2.3499999999999943,0.03385088181177376
95,5.8,2.919,3.469999999999999,0.4388144018843143
95,5.8,2.9376,3.8799999999999955,0.16258539682221862
95,5.8,2.9536,2.3400000000000034,0.11505027393388367
95,5.8,2.9563,3.8799999999999955,0.22119650892136256
95,5.8,3.0141,3.1999999999999886,0.33091660306270665
95,5.8,3.0148,3.8400000000000034,0.020391081401130773
95,5.8,3.108,4.110000000000014,0.12828888022273843
95,5.8,3.4248,1.710000000000008,0.2766746398498021
95,5.8,3.4586,2.789999999999992,0.002930172048747348
95,5.8,3.4816,4.719999999999999,0.3354870210702474
95,5.8,3.5,1.9300000000000068,0.33841719311899476
95,5.8,3.8073,5.1299999999999955,0.11212010188513633
95,5.8,3.8941,4.719999999999999,0.3297379948480881
95,5.8,3.9759,4.949999999999989,0.2425793923716233
95,5.8,3.9907,0.6699999999999875,0.06198691893559771
95,5.8,4.0202,4.310000000000002,0.5531049140331992
95,5.8,4.0675,5.360000000000014,0.019212473186512202
100,6.32,0.0909,0.09000000000000341,0.026291893562833124
100,6.32,0.1017,0.09999999999999432,0.00024256992203686156
100,6.32,0.1933,0.0,0.03050820929525233
100,6.32,0.1957,0.09000000000000341,0.056800102858085455
100,6.32,0.1985,0.09999999999999432,0.08629397319734822
100,6.32,0.2042,0.0,0.08605140327531136
100,6.32,0.3786,0.09999999999999432,0.055785763902095886
100,6.32,0.3893,0.09000000000000341,0.0292513004172259
100,6.32,0.3941,0.18999999999999773,0.029493870339262762
100,6.32,0.3975,0.0,0.055543193980059025
100,6.32,0.5764,0.5500000000000114,0.0628072065302504
100,6.32,0.7623,0.009999999999990905,0.05965822048116076
100,6.32,0.7867,0.07999999999998408,0.03336632691832764
100,6.32,0.8183,0.4099999999999966,0.06868030296509753
100,6.32,0.8202,0.03999999999999204,0.13124493957331107
100,6.32,0.8448,0.5099999999999909,0.06843773304306067
100,6.32,0.855,0.4200000000000159,0.09391912253401646
100,6.32,0.8634,0.13999999999998636,0.13148750949534793
100,6.32,0.8803,0.8499999999999943,0.07150529973569808
100,6.32,0.9556,0.009999999999990905,0.09016642977641309
100,6.32,0.9786,0.22999999999998977,0.143265430898476
100,6.32,0.989,0.8799999999999955,0.06437280383598487
100,6.32,1.0063,0.5300000000000011,0.008952924632527504
100,6.32,1.0168,0.5099999999999909,0.01761367023225069
100,6.32,1.0239,0.03999999999999204,0.045193536297999715
100,6.32,1.0819,0.4300000000000068,0.022413822798318384
100,6.32,1.1037,1.1100000000000136,0.11008220853032746
100,6.32,1.1148,1.009999999999991,0.1105942131165979
100,6.32,1.1302,0.03999999999999204,0.07421560096842106
100,6.32,1.1319,0.11000000000001364,0.0038724565790648757
100,6.32,1.1497,0.3199999999999932,0.08045822436822558
100,6.32,1.1598,0.009999999999990905,0.004115026501101737
100,6.32,1.1882,0.5099999999999909,0.012894539063001642
100,6.32,1.1976,0.05000000000001137,0.10199363915608517
100,6.32,1.1985,0.8799999999999955,0.033183222368148524
100,6.32,1.2123,0.5999999999999943,0.039186432625834766
100,6.32,1.217,0.03999999999999204,0.07570174559325205
100,6.32,1.2501,0.9199999999999875,0.13858840480440593
100,6.32,1.2833,0.9699999999999989,0.036378612148176837
100,6.32,1.2897,1.079999999999984,0.07176013116277791
100,6.32,1.7272,1.4300000000000068,0.02962398416210188
100,6.32,1.7427,1.5300000000000011,0.016163085996311
100,6.32,1.7456,1.4399999999999977,0.0534862310902291
100,6.32,1.7807,0.18999999999999773,0.012020491325164917
100,6.32,1.8018,0.8400000000000034,0.17195473172273357
100,6.32,1.8065,0.09000000000000341,0.011777921403128055
100,6.32,1.8176,0.6500000000000057,0.049346308364459524
100,6.32,1.8246,0.9399999999999977,0.059727378332570025
100,6.32,1.8304,0.9300000000000068,0.1982466252855667
100,6.32,1.8481,0.960000000000008,0.023279608332983925
100,6.32,1.8481,1.039999999999992,0.05948480841053316
100,6.32,1.8538,0.09999999999999432,0.01346089816579088
100,6.32,1.8796,0.9200000000000159,0.09806171720516255
100,6.32,1.8922,0.05000000000001137,0.13387382144958182
100,6.32,1.9047,0.5200000000000102,0.0725527595441624
100,6.32,1.9082,1.8499999999999943,0.009395885121930125
100,6.32,1.9102,1.8499999999999943,0.12216653405532663
100,6.32,1.9118,0.03999999999999204,0.1075819278867487
100,6.32,1.9143,1.0500000000000114,0.0030122852298491987
100,6.32,1.9469,1.960000000000008,0.03857690879462938
100,6.32,1.9565,1.0200000000000102,0.09830428712719941
100,6.32,1.9609,0.9900000000000091,0.08966037848621466
100,6.32,1.979,0.030000000000001137,0.1353599660744128
100,6.32,1.9843,0.18999999999999773,0.09807189460047627
100,6.32,1.9877,1.8899999999999864,0.17496701695258277
100,6.32,1.9928,1.9399999999999977,0.06619598798001558
100,6.32,1.9956,1.009999999999991,0.16255884660080344
100,6.32,1.9974,0.9300000000000068,0.22875483458081902
100,6.32,1.9983,1.9399999999999977,0.03568777868476325
100,6.32,1.9985,1.9499999999999886,0.03587256085797841
100,6.32,2.005,1.9499999999999886,0.06638077015323074
100,6.32,2.0096,1.9499999999999886,0.12192396413328976
100,6.32,2.0097,1.9399999999999977,0.019855415295295775
100,6.32,2.0119,0.960000000000008,0.053787817628236256
100,6.32,2.0231,1.039999999999992,0.026566594864778192
100,6.32,2.0332,0.9099999999999966,0.0624391557227566
100,6.32,2.0583,0.9200000000000159,0.01201031392985119
100,6.32,2.0855,0.05000000000001137,0.16438203074483415
100,6.32,2.0922,2.039999999999992,0.09267266371606386
100,6.32,2.102,2.039999999999992,0.020097985217332637
100,6.32,2.1168,0.8600000000000136,0.03250615556911196
100,6.32,2.1564,1.0200000000000102,0.07820630190986677
100,6.32,2.1666,0.28000000000000114,0.04127179174239082
100,6.32,2.177,0.18999999999999773,0.06756368530522394
100,6.32,2.1794,0.8300000000000125,0.06881041678793665
100,6.32,2.1795,0.9300000000000068,0.14270343130550767
100,6.32,2.189,0.960000000000008,0.0322635856470751
100,6.32,2.1925,1.039999999999992,0.0039416144304741385
100,6.32,2.1947,1.9300000000000068,0.023970441796397512
100,6.32,2.1959,1.0300000000000011,0.1424608613834708
100,6.32,2.2004,1.960000000000008,0.1260389906343915
100,6.32,2.2143,1.9000000000000057,0.1113895242780153
100,6.32,2.2185,1.1299999999999955,0.030233507993307263
100,6.32,2.2325,0.9200000000000159,0.04251852322510352
100,6.32,2.2613,0.15000000000000568,0.07808805754748593
100,6.32,2.2897,0.05000000000001137,0.0783306274695228
100,6.32,2.3027,1.990000000000009,0.009320975440021306
100,6.32,2.5909,0.6100000000000136,0.08189863120885155
100,6.32,2.6032,0.5099999999999909,0.08214120113088841
100,6.32,2.6624,0.44999999999998863,0.03617414739598557
100,6.32,2.6652,2.4499999999999886,0.04858231774776489
100,6.32,2.7186,1.759999999999991,0.13394445545845468
100,6.32,2.7911,0.6100000000000136,0.004152772066459809
100,6.32,2.8324,1.8899999999999864,0.09818604276481857
100,6.32,2.8891,1.0500000000000114,0.0635998349116349
100,6.32,2.8898,2.0,0.20025459160281256
100,6.32,2.919,0.8899999999999864,0.27394837087881874
100,6.32,2.9376,0.19999999999998863,0.00790546482406318
100,6.32,2.9434,0.9099999999999966,0.10217674370626428
100,6.32,2.9536,2.1299999999999955,0.03187590662046069
100,6.32,2.9563,1.0,0.09898135392623597
100,6.32,2.9802,0.6999999999999886,0.052647330791625646
100,6.32,2.9806,0.6100000000000136,0.026355437228792522
100,6.32,3.0141,1.4399999999999977,0.21114116434856833
100,6.32,3.0148,0.5600000000000023,0.14676836051258346
100,6.32,3.108,0.009999999999990905,0.20957556704283387
100,6.32,3.1132,1.3400000000000034,0.04002533292443822
100,6.32,3.4248,2.8799999999999955,0.26462739543879743
100,6.32,3.4586,2.9000000000000057,0.012408170351779324
100,6.32,3.4722,2.8700000000000045,0.023862246928127218
100,6.32,3.4816,0.07999999999998408,0.027221222763458064
100,6.32,3.5,2.9799999999999898,0.03962939311523739
100,6.32,3.5862,0.009999999999990905,0.2407651485106702
100,6.32,3.7317,0.6200000000000045,0.08601365770995328
100,6.32,3.7721,2.5500000000000114,0.06204321591355577
100,6.32,3.8073,0.7700000000000102,0.044284076972240016
100,6.32,3.8941,1.1200000000000045,0.13068293998034275
100,6.32,3.9759,1.0900000000000034,0.13781543588005596
100,6.32,3.9907,3.8899999999999864,0.10206854883799399
100,6.32,4.0202,1.9699999999999989,0.20218823971604083
100,6.32,4.0229,0.8700000000000045,0.17639234467468534
100,6.32,4.0675,0.2400000000000091,0.06631013614435788
100,6.32,4.068,1.8799999999999955,0.06579813155808745
100,6.32,4.4887,0.3499999999999943,0.04963504556177645
100,6.32,4.7363,1.539999999999992,0.2246020625143592
100,6.32,4.8556,0.6599999999999966,0.16022925867837434
101,6.06,3.8689,1.5,0.3039560341353973
101,6.06,4.1607,3.509999999999991,0.09733051192481157
109,7.3,0.0909,0.09000000000000341,0.03131845219339724
109,7.3,0.1017,0.09999999999999432,0.026520612616456107
109,7.3,0.1933,0.09000000000000341,0.0009383391808102104
109,7.3,0.1957,0.0,0.03225679137420745
109,7.3,0.1985,0.009999999999990905,0.07881896438945235
109,7.3,0.2042,0.09000000000000341,0.05229835177299624
109,7.3,0.3786,0.07999999999998408,0.07788062520864214
109,7.3,0.3893,0.09000000000000341,0.020041560398788794
109,7.3,0.3941,0.009999999999990905,0.0465621730152449
109,7.3,0.3975,0.18000000000000682,0.05136001259218603
109,7.3,0.5764,0.5900000000000034,0.01641810029857882
109,7.3,0.7623,0.3400000000000034,0.0001878300967372848
109,7.3,0.7867,0.4300000000000068,0.031506282290134524
109,7.3,0.8183,0.060000000000002274,0.11495364449650602
109,7.3,0.8202,0.4300000000000068,0.10485113217862874
109,7.3,0.8448,0.1599999999999966,0.08843303188004992
109,7.3,0.855,0.009999999999990905,0.01798425718006391
109,7.3,0.8634,0.5300000000000011,0.13137174479508484
109,7.3,0.8803,0.9099999999999966,0.044502854075529896
109,7.3,0.9556,0.4300000000000068,0.0007505090840729256
109,7.3,0.9786,0.25,0.0014974730386284607
109,7.3,0.989,0.9699999999999989,0.045687706588471544
109,7.3,1.0063,0.06999999999999318,0.059423481335480255
109,7.3,1.0168,0.06999999999999318,0.036134680107053674
109,7.3,1.0239,0.5200000000000102,0.05255278040563249
109,7.3,1.0819,0.9000000000000057,0.026518596895465985
109,7.3,1.1037,0.960000000000008,0.0005281190548817039
109,7.3,1.1148,0.8100000000000023,0.10653012729216915
109,7.3,1.1302,0.44999999999998863,0.05921476777606682
109,7.3,1.1319,0.4200000000000159,0.07806845530537943
109,7.3,1.1497,0.8400000000000034,0.014920627259950359
109,7.3,1.1598,0.5200000000000102,0.05154784268892332
109,7.3,1.1882,0.01999999999998181,0.037073019287863884
109,7.3,1.1976,0.5200000000000102,0.08480957177983994
109,7.3,1.1985,1.210000000000008,0.0020255920935101646
109,7.3,1.2123,0.06999999999999318,0.06839147148126112
109,7.3,1.217,0.6100000000000136,0.053491119586442704
109,7.3,1.2501,0.5200000000000102,0.01352706118759528
109,7.3,1.2833,1.259999999999991,0.16574489506823598
109,7.3,1.2897,0.6599999999999966,0.043005381036901436
109,7.3,1.7272,1.8000000000000114,0.014392508205068655
109,7.3,1.7427,0.9699999999999989,0.018512376234945616
109,7.3,1.7456,1.8000000000000114,0.0025084630684819587
109,7.3,1.7807,0.6800000000000068,0.10335365914000028
109,7.3,1.8018,0.09000000000000341,0.045033343477729804
109,7.3,1.8065,0.7800000000000011,0.12987427175645638
109,7.3,1.8176,0.2400000000000091,0.01648678414143545
109,7.3,1.8246,0.12999999999999545,0.17437712583198628
109,7.3,1.8304,0.18000000000000682,0.013714891284332564
109,7.3,1.8481,1.5999999999999943,0.16593272516497326
109,7.3,1.8481,0.2300000000000182,0.14785651321553017
109,7.3,1.8538,0.8299999999999841,0.03290488444001427
109,7.3,1.8796,1.6399999999999864,0.10282554008511857
109,7.3,1.8922,0.789999999999992,0.05940259787280411
109,7.3,1.9047,0.36000000000001364,0.0368851891911266
109,7.3,1.9082,1.789999999999992,0.03792013421680074
109,7.3,1.9102,1.8600000000000136,0.11244518142802407
109,7.3,1.9118,0.8799999999999955,0.09072105006620135
109,7.3,1.9143,1.6899999999999977,0.1972511773583705
109,7.3,1.9469,1.8700000000000045,0.0450309731304116
109,7.3,1.9565,1.740000000000009,0.12934615270157468
109,7.3,1.9609,0.18000000000000682,0.13136816894559133
109,7.3,1.979,0.9499999999999886,0.05330328948970542
109,7.3,1.9843,0.7700000000000102,0.05105530736700403
109,7.3,1.9877,1.7800000000000011,0.1522178338806407
109,7.3,1.9928,1.789999999999992,0.07017692559100819
109,7.3,1.9956,1.6999999999999886,0.08295347769453054
109,7.3,1.9974,0.09000000000000341,0.012776552103522354
109,7.3,1.9983,1.8799999999999955,0.06923858641019798
109,7.3,1.9985,1.8700000000000045,0.033626217038571715
109,7.3,2.005,1.7800000000000011,0.034564556219381926
109,7.3,2.0096,1.960000000000008,0.08592456881156796
109,7.3,2.0097,1.6999999999999886,0.017878573818011945
109,7.3,2.0119,1.6899999999999977,0.16499438598416305
109,7.3,2.0231,0.13999999999998636,0.09555816144253393
109,7.3,2.0332,1.7299999999999898,0.061931944403962214
109,7.3,2.0583,1.7300000000000182,0.05052718831212233
109,7.3,2.0855,0.8799999999999955,0.0584642586919939
109,7.3,2.0922,1.8700000000000045,0.06588300841277916
109,7.3,2.102,1.8000000000000114,0.008642038798444163
109,7.3,2.1168,1.6800000000000068,0.2438133503736154
109,7.3,2.1514,0.9900000000000091,0.05550521346938175
109,7.3,2.1564,0.060000000000002274,0.12070411390313052
109,7.3,2.1666,0.7700000000000102,0.08331209874121148
109,7.3,2.177,0.8600000000000136,0.05199364654781424
109,7.3,2.1794,1.7300000000000182,0.08278397968632978
109,7.3,2.1795,0.0,0.0650749038765186
109,7.3,2.189,1.7800000000000011,0.2172927377571593
109,7.3,2.1925,0.05000000000001137,0.09649650062334414
109,7.3,2.1947,2.219999999999999,0.06942641650693526
109,7.3,2.1959,0.09999999999999432,0.0915955164929747
109,7.3,2.2004,1.4399999999999977,0.03437672612264464
109,7.3,2.2143,1.2699999999999818,0.12272970599664068
109,7.3,2.2185,0.13999999999998636,0.12781495281674138
109,7.3,2.2325,1.8199999999999932,0.05146552749293254
109,7.3,2.2613,0.8700000000000045,0.13728322308144625
109,7.3,2.2897,0.9699999999999989,0.11076261046499014
109,7.3,2.3027,2.3899999999999864,0.018926563367060778
109,7.3,2.5909,0.6699999999999875,0.12133791632006419
109,7.3,2.6032,0.7699999999999818,0.1478585289365203
109,7.3,2.6624,1.6200000000000045,0.12885970587710938
109,7.3,2.6652,1.8600000000000136,0.10631160569806186
109,7.3,2.7186,2.6399999999999864,0.017429090328432317
109,7.3,2.7911,0.7599999999999909,0.06903956454706794
109,7.3,2.8324,2.6699999999999875,0.12864118428300209
109,7.3,2.8891,0.28999999999999204,0.09630867052660685
109,7.3,2.8898,0.9900000000000091,0.024838041653422183
109,7.3,2.919,0.4300000000000068,0.03977622830211014
109,7.3,2.9376,1.1999999999999886,0.05180581645107696
109,7.3,2.9434,2.1599999999999966,0.051277697396195254
109,7.3,2.9488,0.9799999999999898,0.03752095628931784
109,7.3,2.9536,1.0199999999999818,0.12123223295801222
109,7.3,2.9563,2.210000000000008,0.11244160557853056
109,7.3,2.9802,0.7599999999999909,0.1012963559212754
109,7.3,2.9806,0.8499999999999943,0.06997790372787815
109,7.3,3.0141,0.1599999999999966,0.02335812800353132
109,7.3,3.0148,0.8100000000000023,0.022329578584940224
109,7.3,3.108,1.4000000000000057,0.005911478286361405
109,7.3,3.1132,2.6299999999999955,0.03541334750849623
109,7.3,3.1509,1.8899999999999864,0.08202381036484774
109,7.3,3.4248,1.960000000000008,0.02084966493504936
109,7.3,3.4416,0.01999999999998181,0.03699283723443614
109,7.3,3.4586,3.4799999999999898,0.23517131157517124
109,7.3,3.4722,3.5999999999999943,0.016900971273550613
109,7.3,3.4816,1.5500000000000114,0.06943622454162912
109,7.3,3.5,1.9300000000000068,0.16573508703354212
109,7.3,3.5862,1.6399999999999864,0.037750636208599975
109,7.3,3.7317,1.1899999999999977,0.06979007363114087
109,7.3,3.7721,1.0300000000000011,0.13921649013807613
109,7.3,3.8073,2.460000000000008,0.11393907861715902
109,7.3,3.8941,0.6800000000000068,0.03827875526348168
109,7.3,3.9265,1.2299999999999898,0.0390184293279463
109,7.3,3.9759,0.7400000000000091,0.03709390275054003
109,7.3,3.9907,3.6599999999999966,0.1038031426295799
109,7.3,4.0051,1.8199999999999932,0.022600329029367483
109,7.3,4.0202,0.2300000000000182,0.08278160933901157
109,7.3,4.0229,2.6100000000000136,0.00793707037987157
109,7.3,4.0675,1.6500000000000057,0.007408951324989865
109,7.3,4.068,3.420000000000016,0.11446719767204072
109,7.3,4.4887,2.4499999999999886,0.0959548214370951
109,7.3,4.7257,1.6599999999999966,0.06583270285068243
109,7.3,4.7363,0.6699999999999875,0.05626301244354559
109,7.3,4.7448,1.759999999999991,0.09235331546713854
109,7.3,4.8556,1.6399999999999864,0.010575305855074046
109,7.3,4.9283,1.75,0.01353435107768619
113,5.99,0.1443,0.45999999999997954,0.002555495799864249
113,5.99,0.1443,0.45999999999997954,0.07924775480058632
113,5.99,0.1443,0.45999999999997954,0.1948074008380699
113,5.99,0.1443,0.45999999999997954,0.2313887285857542
113,5.99,0.1443,0.45999999999997954,0.04914565542424587
113,5.99,0.1443,0.45999999999997954,0.39252179864977893
113,5.99,0.1443,0.45999999999997954,0.05721226806241153
113,5.99,0.2152,0.2400000000000091,0.16123518620176136
113,5.99,0.5227,0.18999999999999773,0.09998488710332021
113,5.99,1.581,2.420000000000016,0.07595967192950615
113,5.99,1.649,1.0800000000000125,0.058707457363380344
113,5.99,1.934,1.710000000000008,0.2748896534743974
113,5.99,1.9349,0.0,0.08761753925323967
113,5.99,2.2088,3.8000000000000114,0.29341516488251895
113,5.99,2.315,1.5500000000000114,0.08382550297909663
113,5.99,2.3396,3.8400000000000034,0.16867293676704131
113,5.99,2.3496,0.710000000000008,0.35084932540390357
113,5.99,2.4247,7.349999999999994,0.2519762216902528
113,5.99,2.7177,1.6599999999999966,0.3884792400947128
113,5.99,2.7229,6.889999999999986,0.1746866482368843
113,5.99,2.7943,4.02000000000001,0.08843482835780603
113,5.99,2.8036,1.579999999999984,0.2395173553174582
113,5.99,2.9283,4.480000000000018,0.09099032415767028
113,5.99,2.9283,4.480000000000018,0.009187073557219705
113,5.99,2.9283,4.480000000000018,0.10637257248026388
113,5.99,2.9283,4.480000000000018,0.14295390022794818
113,5.99,2.9283,4.480000000000018,0.03928917293356016
113,5.99,2.9283,4.480000000000018,0.3040869702919729
113,5.99,2.9283,4.480000000000018,0.031222560295394497
113,5.99,2.9323,4.610000000000014,0.28938261882167404
113,5.99,3.1143,3.829999999999984,0.05313064339382956
113,5.99,3.1785,0.8100000000000023,0.00403254606084491
113,5.99,3.1931,0.9000000000000057,0.09683568054700697
113,5.99,3.226,4.550000000000011,0.18217638863686225
113,5.99,3.2878,5.840000000000003,0.21633720513169252
113,5.99,3.3539,8.960000000000008,0.06449418774308047
113,5.99,3.475,6.0800000000000125,0.05510201892993116
113,5.99,3.5859,0.0,0.4004948428137266
113,5.99,3.6217,9.139999999999986,0.15344323256819548
113,5.99,3.7127,6.259999999999991,0.09271326483753517
113,5.99,3.8473,3.0600000000000023,0.3752335605025988
113,5.99,3.8587,6.480000000000018,0.24254456674480407
113,5.99,3.8791,0.46000000000000796,0.14699198730138174
113,5.99,3.9716,26.75999999999999,0.043175443327083896
113,5.99,4.0674,12.27000000000001,0.3795833305926185
113,5.99,4.1512,10.939999999999998,0.05084416424169269
113,5.99,4.1598,2.1200000000000045,0.22175901008056786
113,5.99,4.1739,10.379999999999995,0.19252504881434152
113,5.99,4.2079,128.51999999999998,0.1474774118621648
113,5.99,4.2161,26.560000000000002,0.28274627619078285
113,5.99,4.2492,1.5800000000000125,0.2794356142910128
113,5.99,4.2607,5.799999999999983,0.17337191603652902
113,5.99,4.2718,8.849999999999994,0.19692493548771328
113,5.99,4.3275,6.2900000000000205,0.17446878938592214
113,5.99,4.4018,0.0,0.11996543203237875
113,5.99,4.4854,75.83000000000001,0.11656146102890347
113,5.99,4.4866,32.47999999999999,0.14493727911996424
113,5.99,4.5182,10.219999999999999,0.06532944741916169
113,5.99,4.5386,21.22999999999999,0.18274814869902767
113,5.99,4.5599,8.659999999999997,0.2968939681727869
113,5.99,4.6189,26.689999999999998,0.1561262815463107
113,5.99,4.6191,5.460000000000008,0.6818944049772317
113,5.99,4.6231,4.550000000000011,0.5150868933108164
113,5.99,4.634,0.5400000000000205,0.10064896091378761
113,5.99,4.6694,1.8100000000000023,0.2081465217881041
113,5.99,4.6694,1.8100000000000023,0.12634327118765354
113,5.99,4.6694,1.8100000000000023,0.010783625150169951
113,5.99,4.6694,1.8100000000000023,0.02579770259751435
113,5.99,4.6694,1.8100000000000023,0.156445370563994
113,5.99,4.6694,1.8100000000000023,0.18693077266153907
113,5.99,4.6694,1.8100000000000023,0.14837875792582833
113,5.99,4.7251,0.47999999999998977,0.1771244665635534
113,5.99,4.7339,25.569999999999993,0.13626983725602582
113,5.99,4.7955,9.219999999999999,0.31268904149513144
113,5.99,4.7989,26.03,0.13371434145616157
113,5.99,4.7989,26.03,0.21551759205661214
113,5.99,4.7989,26.03,0.3310772380940957
113,5.99,4.7989,26.03,0.36765856584178
113,5.99,4.7989,26.03,0.1854154926802717
113,5.99,4.7989,26.03,0.5287916359058047
113,5.99,4.7989,26.03,0.19348210531843735
113,5.99,4.811,2.269999999999982,0.20559102598823986
113,5.99,4.8525,1.75,0.08313926868409316
113,5.99,4.853,0.4099999999999966,0.06785791850791978
113,5.99,4.9628,1.8100000000000023,0.2957640610413438
113,5.99,4.9628,1.8100000000000023,0.2139608104408932
113,5.99,4.9628,1.8100000000000023,0.09840116440340962
113,5.99,4.9628,1.8100000000000023,0.061819836655725324
113,5.99,4.9628,1.8100000000000023,0.24406290981723366
113,5.99,4.9628,1.8100000000000023,0.0993132334082994
113,5.99,4.9628,1.8100000000000023,0.235996297179068
113,5.99,4.9726,2.1699999999999875,0.030796380080687524
113,5.99,4.9873,180.0,0.22637647705402097
113,5.99,4.9976,2.670000000000016,0.20415586141854636
114,5.27,1.934,1.3000000000000114,0.3887331776312217
114,5.27,1.9349,9.710000000000008,0.2417186265451946
114,5.27,2.2088,3.780000000000001,0.30074221354527353
114,5.27,2.7177,2.1999999999999886,0.27608134873417334
114,5.27,2.7229,7.610000000000014,0.21791858739518166
114,5.27,2.8036,10.610000000000014,0.3891100854371462
114,5.27,3.1143,4.139999999999986,0.3160239220266199
114,5.27,3.1931,2.3400000000000034,0.07966277756515916
114,5.27,3.226,4.739999999999981,0.2105146141577554
114,5.27,3.3539,8.449999999999989,0.015675135518267824
114,5.27,3.6217,11.759999999999991,0.16261737642752572
114,5.27,3.7127,6.039999999999992,0.17821856347346632
114,5.27,3.8473,1.9099999999999966,0.47953276942196865
114,5.27,3.8587,3.280000000000001,0.1751854287369372
114,5.27,3.8791,2.1999999999999886,0.03581331863063708
114,5.27,3.9716,17.97,0.06891520787543048
114,5.27,4.1512,0.9200000000000159,0.08524590769587448
114,5.27,4.1532,2.219999999999999,0.06772659843673101
114,5.27,4.1598,2.839999999999975,0.07270925560460184
114,5.27,4.1739,0.0,0.3839617146896186
114,5.27,4.2161,0.12000000000000455,0.4710051130526024
114,5.27,4.2607,0.09000000000000341,0.02966169725850376
114,5.27,4.3275,59.710000000000036,0.13065483647967147
114,5.27,4.4018,32.889999999999986,0.03778389464375098
114,5.27,4.4854,0.0,0.2195456029239765
114,5.27,4.4866,1.0,0.1338773535069715
114,5.27,4.5182,5.100000000000023,0.06020974190012818
114,5.27,4.6189,16.629999999999995,0.11015029120354392
114,5.27,4.6191,5.980000000000018,0.5768235622794469
114,5.27,4.6231,5.449999999999989,0.5949396645934932
114,5.27,4.634,7.420000000000016,0.3081903254876076
114,5.27,4.7251,3.289999999999992,0.26228525141466974
114,5.27,4.853,4.329999999999984,0.04273315865824445
116,6.54,3.4996,0.0,0.0701668841306834
118,6.93,0.1776,0.0,0.08687841087503928
118,6.93,0.3474,0.15000000000000568,0.0888715649982228
118,6.93,0.3553,0.19999999999998863,0.10942668767921704
118,6.93,0.673,0.0,0.32297115314219427
118,6.93,1.034,0.4399999999999977,0.21740326498892193
118,6.93,1.0424,1.4300000000000068,0.048756780512268505
118,6.93,1.0609,0.46999999999999886,0.477843255718706
118,6.93,1.4621,4.97999999999999,0.025203890751617386
118,6.93,1.4878,0.22999999999998977,0.0024757163173468877
118,6.93,1.6748,2.019999999999982,0.03189776935925315
118,6.93,1.7383,4.780000000000001,0.08422279692759965
118,6.93,1.8487,2.009999999999991,0.2871358608332927
118,6.93,1.8614,1.1100000000000136,0.14494417313563257
118,6.93,1.8661,1.1399999999999864,0.4098590446616367
118,6.93,1.9923,5.340000000000003,0.2052703721718654
118,6.93,2.0196,2.5500000000000114,0.07403001191010561
118,6.93,2.0969,13.580000000000013,0.09553367951039798
118,6.93,2.2621,0.12999999999999545,0.37661407455868734
118,6.93,2.344,1.7299999999999898,0.043336280267114446
118,6.93,2.4093,0.38999999999998636,0.11569284547225078
118,6.93,2.4397,0.4200000000000159,0.047533148386111446
118,6.93,2.4463,0.2400000000000091,0.4753675394013591
118,6.93,2.4704,1.5300000000000011,0.43288780397031
118,6.93,2.6329,2.2399999999999807,0.28961157715063957
118,6.93,2.9039,3.719999999999999,0.0655022621759398
118,6.93,3.0661,1.7699999999999818,0.18823167856806644
118,6.93,3.084,2.5800000000000125,0.3443567824856969
118,6.93,3.1445,2.9399999999999977,0.03924987252757339
118,6.93,3.2166,17.930000000000007,0.11129347581532967
118,6.93,3.2409,6.090000000000003,0.17014806388724996
118,6.93,3.3186,4.569999999999993,0.10592778126935876
118,6.93,3.3445,2.569999999999993,0.4458219069914384
118,6.93,3.3688,2.119999999999976,0.15902912573936523
118,6.93,3.5215,2.5900000000000034,0.13787056363091232
118,6.93,3.5566,5.889999999999986,0.06072137620803292
118,6.93,3.6854,6.449999999999989,0.06032619903623282
118,6.93,3.7328,0.0,0.059766879939129214
118,6.93,3.7364,180.0,0.12375303584561576
118,6.93,3.8174,16.819999999999993,0.25623764895096224
118,6.93,3.8297,2.049999999999983,0.07715955839301525
118,6.93,3.929,2.8499999999999943,0.3544363564000258
118,6.93,4.004,22.909999999999997,0.08608958506371228
118,6.93,4.0119,22.710000000000008,0.19551627274292932
118,6.93,4.1531,2.9799999999999898,0.02217771815866154
118,6.93,4.1825,3.140000000000015,0.6940699144389119
118,6.93,4.2017,2.8700000000000045,0.12531757260017418
118,6.93,4.2673,11.47999999999999,0.05096727677909685
118,6.93,4.3432,2.4399999999999977,0.08303793099151635
118,6.93,4.3552,5.170000000000016,0.4597804080544704
118,6.93,4.3716,5.469999999999999,0.27800471600317456
118,6.93,4.3808,7.460000000000008,0.07927105277264412
118,6.93,4.4757,3.259999999999991,0.38955152370319557
118,6.93,4.5062,2.4099999999999966,0.2803059333372865
118,6.93,4.589,1.950000000000017,0.48042095235642146
118,6.93,4.6159,2.460000000000008,0.23874351092777502
118,6.93,4.6581,3.269999999999982,0.2616285154202648
118,6.93,4.67,7.610000000000014,0.009600512225578672
118,6.93,4.7352,4.199999999999989,0.13288278707686585
118,6.93,4.7428,2.1299999999999955,0.3503431385826544
118,6.93,4.7887,4.9599999999999795,0.007352103168320245
118,6.93,4.8262,1.5699999999999932,0.20391444811261716
118,6.93,4.889,0.8200000000000216,0.04815801420715893
118,6.93,4.9191,6.3799999999999955,0.3469658778812632
120,6.2,1.1632,1.579999999999984,0.1237936673093587
125,7.28,0.4588,0.9499999999999886,0.009398688671180322
125,7.28,2.1432,0.30000000000001137,0.23452705080270242
125,7.28,2.7229,0.960000000000008,0.043828057053348246
125,7.28,3.1931,0.45999999999997954,0.03311431872152326
125,7.28,3.3539,0.8299999999999841,0.21295717196072994
125,7.28,3.551,6.580000000000041,0.23105060204331485
125,7.28,3.8587,0.28999999999999204,0.14694954309870978
125,7.28,4.1142,1.3100000000000023,0.07557489434775366
125,7.28,4.2161,0.6200000000000045,0.17781824282930758
125,7.28,4.2607,0.12999999999999545,0.03087393410996153
125,7.28,4.4018,1.8400000000000034,0.06690845396079892
125,7.28,4.4866,1.9399999999999977,0.22498016963379652
125,7.28,4.5182,0.8400000000000034,0.014752632773432195
125,7.28,4.6189,0.8199999999999932,0.09185669370636318
125,7.28,4.634,1.2300000000000182,0.08786370801440557
125,7.28,4.7251,1.8199999999999932,0.2836196818872947
125,7.28,4.7801,1.6899999999999977,0.08784678246379007
125,7.28,4.853,1.25,0.10312148604536153
126,6.46,2.6811,0.6200000000000045,0.03588411118152468
126,6.46,3.8689,1.829999999999984,0.2236114486356655
126,6.46,4.2414,6.699999999999989,0.034080741855792684
126,6.46,4.4343,0.060000000000002274,0.2656419767067668
127,6.69,0.0915,0.15000000000000568,0.2052634617373148
127,6.69,0.1112,0.0,0.05668080349298843
127,6.69,0.144,0.0,0.01912994199698015
127,6.69,0.2405,0.0,0.03755086149600828
127,6.69,0.2405,0.0,0.06379983006135892
127,6.69,0.2405,0.0,0.2311239442612556
127,6.69,0.3459,0.0,0.00711902656837049
127,6.69,0.4448,0.0,0.02624896856535064
127,6.69,0.481,0.0,0.16732411419989668
127,6.69,0.5227,0.0,0.052115024463418314
127,6.69,0.5622,0.0,0.12402445173911411
127,6.69,0.5853,0.0,0.2240049176928851
127,6.69,0.6734,0.0,0.20487497569590496
127,6.69,0.6918,0.0,0.2832389687246739
127,6.69,0.8341,0.0,0.007175471550084633
127,6.69,0.8943,0.0,0.219439138663315
127,6.69,1.0049,0.0,0.2761199421563034
127,6.69,1.1269,0.0,0.2569900001593233
127,6.69,1.3777,0.0,0.11684898018902948
127,6.69,1.5168,0.0,0.3002637466880745
127,6.69,1.8924,2.530000000000001,0.2554050140481101
127,6.69,1.9259,0.030000000000001137,0.3924075200720767
127,6.69,1.9967,0.0,0.29388540116593953
127,6.69,2.0099,0.0,0.28670992961585495
127,6.69,2.0127,4.210000000000008,0.2285720017658216
127,6.69,2.1432,1.8700000000000045,0.07542659539059593
127,6.69,2.2796,4.72999999999999,0.3427941732148547
127,6.69,2.3307,0.0,0.16986094942682545
127,6.69,2.3496,11.550000000000011,0.02074686732572456
127,6.69,2.364,0.75,0.1627865782738288
127,6.69,2.4046,5.449999999999989,0.20764957066498463
127,6.69,2.4976,3.9000000000000057,0.004995893548852215
127,6.69,2.6811,2.0500000000000114,0.11310935414280998
127,6.69,2.7047,4.240000000000009,0.48725948998989266
127,6.69,2.7177,5.639999999999986,0.5799085634057528
127,6.69,2.8036,2.4799999999999898,0.17072369074277638
127,6.69,2.8547,0.20999999999997954,0.1193120443677751
127,6.69,2.8563,4.109999999999985,0.12430793791662731
127,6.69,2.9104,5.150000000000006,0.08875592113737407
127,6.69,2.9505,1.8799999999999955,0.2903995570730209
127,6.69,3.0478,4.519999999999982,0.05255892908828175
127,6.69,3.1143,2.319999999999993,0.10941223019791119
127,6.69,3.1284,1.8400000000000034,0.1691706996047817
127,6.69,3.1785,9.27000000000001,0.08537693131124618
127,6.69,3.1931,3.210000000000008,0.2435714959794466
127,6.69,3.204,1.6399999999999864,0.16137012915375337
127,6.69,3.2878,3.460000000000008,0.06578542349199279
127,6.69,3.3351,0.47999999999998977,0.14229565990530013
127,6.69,3.458,0.0,0.01355381707221956
127,6.69,3.5133,0.0,0.006378345522134926
127,6.69,3.5703,0.0,0.026986372576100717
127,6.69,3.6217,0.6800000000000068,0.0003219679375734419
127,6.69,3.6393,0.18000000000000682,0.2096407495657081
127,6.69,3.7376,180.0,0.030173517411417633
127,6.69,3.8231,0.0,0.13040279726124904
127,6.69,3.8473,3.539999999999992,0.006584343448392316
127,6.69,3.8587,4.27000000000001,0.33250459811509225
127,6.69,3.8741,5.47999999999999,0.18000759494102592
127,6.69,3.8791,6.8300000000000125,0.02722695808132558
127,6.69,3.9096,6.75,0.09938808308512881
127,6.69,3.9382,26.920000000000016,0.35941501595829006
127,6.69,3.9716,7.409999999999997,0.130707349105752
127,6.69,4.0133,3.469999999999999,0.24869052884407905
127,6.69,4.1142,3.430000000000007,0.4041202212569975
127,6.69,4.1183,1.1800000000000068,0.04997932845367792
127,6.69,4.1452,8.939999999999998,0.11422217144903313
127,6.69,4.1512,2.6399999999999864,0.3733872617831587
127,6.69,4.1527,6.280000000000001,0.2173180420356241
127,6.69,4.1532,5.099999999999994,0.17062974426092747
127,6.69,4.1739,0.9300000000000068,0.14311527486223752
127,6.69,4.2161,3.4000000000000057,0.07495924907631113
127,6.69,4.233,2.430000000000007,0.20884273116081165
127,6.69,4.2492,10.0,0.12744866585274417
127,6.69,4.2607,4.259999999999991,0.16253236234886081
127,6.69,4.2718,4.2900000000000205,0.11501518694594459
127,6.69,4.2892,4.139999999999986,0.2680995821554494
127,6.69,4.3275,0.13999999999998636,0.1735578718107581
127,6.69,4.3554,9.25,0.290235244126573
127,6.69,4.3595,2.430000000000007,0.1897127891638315
127,6.69,4.4018,3.759999999999991,0.1342944528681722
127,6.69,4.4033,2.430000000000007,0.24639359265681993
127,6.69,4.4159,2.430000000000007,0.182593762595461
127,6.69,4.4343,6.569999999999993,0.3090288326508369
127,6.69,4.4415,2.430000000000007,0.4137177068567166
127,6.69,4.4854,6.77000000000001,0.7426645040380028
127,6.69,4.4866,2.8700000000000045,0.29087811426275545
127,6.69,4.4965,10.050000000000011,0.1791349383042714
127,6.69,4.51,6.289999999999992,0.6003688441327026
127,6.69,4.5182,6.219999999999999,0.2483451756072308
127,6.69,4.5419,180.0,0.037348988961502266
127,6.69,4.5599,0.1599999999999966,0.49886003225044323
127,6.69,4.6189,4.659999999999997,0.23840710866561732
127,6.69,4.6231,7.090000000000003,0.369019699818738
127,6.69,4.634,3.819999999999993,0.43099037254662453
127,6.69,4.6448,54.22,0.05547493399951381
127,6.69,4.7251,8.080000000000013,0.15172158981849293
127,6.69,4.7602,0.5500000000000114,0.33626140533741616
127,6.69,4.7801,0.2400000000000091,0.2730954757043016
127,6.69,4.7955,1.289999999999992,0.2116231534910894
127,6.69,4.8828,4.97999999999999,0.40156686375180783
127,6.69,4.9081,2.430000000000007,0.4658327313201349
127,6.69,4.9182,6.22999999999999,0.31019353542495753
127,6.69,4.9807,1.3400000000000034,0.020232680541014014
127,6.69,4.9992,0.46999999999999886,0.39912432770814527
138,7.14,0.4037,4.599999999999994,0.6681780839312026
138,7.14,2.3831,3.280000000000001,0.24447996220977608
138,7.14,3.6943,23.74000000000001,0.13518792415199254
138,7.14,4.7869,25.430000000000007,0.6528489673214168
138,7.14,4.885,30.03,0.015329116609785753
145,5.61,1.8924,1.009999999999991,0.3492070707364612
145,5.61,2.4147,5.5800000000000125,0.22854563499716396
147,6.05,1.8924,2.759999999999991,0.16297197998770696
147,6.05,2.0127,4.180000000000007,0.3088847381214771
147,6.05,2.6811,0.6999999999999886,0.33523953837654363
147,6.05,3.1931,4.0,0.18741215734158523
147,6.05,3.3351,2.0600000000000023,0.17226755838883667
147,6.05,4.4343,4.680000000000007,0.16168473765592384
149,5.93,2.6811,0.28000000000000114,0.19916479633819528
149,5.93,4.4343,2.75,0.2394515197495528
151,5.28,0.184,0.0,0.12929580319880507
151,5.28,0.5622,3.3100000000000023,0.060609854604395275
151,5.28,0.8341,4.5400000000000205,0.17230080958353278
151,5.28,1.3777,7.850000000000023,0.23291066418792805
151,5.28,1.4443,1.1800000000000068,0.18326624627575694
151,5.28,1.581,12.810000000000002,0.003452828506311567
151,5.28,1.934,13.220000000000027,0.0020849511090660355
151,5.28,2.0127,6.219999999999999,0.06981761544410703
151,5.28,2.0946,4.960000000000008,0.10283609994250764
151,5.28,2.2088,5.180000000000007,0.25452958226264255
151,5.28,2.315,8.329999999999984,0.17973934519110657
151,5.28,2.3496,26.03,0.005537779615377603
151,5.28,2.364,3.75,0.050247397636271285
151,5.28,2.4046,6.560000000000002,0.41359959306755045
151,5.28,2.4147,4.099999999999994,0.06772571871207789
151,5.28,2.6811,0.799999999999983,0.13622342085589478
151,5.28,2.7177,4.170000000000016,0.4680738491888834
151,5.28,3.1143,31.980000000000018,0.10163367338292428
151,5.28,3.1621,3.780000000000001,0.0804301463332493
151,5.28,3.1931,4.450000000000017,0.08018102915628811
151,5.28,3.204,3.1100000000000136,0.19238890868554814
151,5.28,3.2769,11.180000000000007,0.17265371538661467
151,5.28,3.2878,2.469999999999999,0.12006501308037831
151,5.28,3.458,9.870000000000005,0.5766393412660868
151,5.28,3.5133,14.409999999999997,0.4043385316825541
151,5.28,3.5677,10.0,0.010612530889142269
151,5.28,3.5703,12.870000000000005,0.3248931331472364
151,5.28,3.7376,13.009999999999991,0.06020800634015078
151,5.28,3.8231,17.72,0.34372867707815885
151,5.28,3.9382,3.259999999999991,0.29657069050348905
151,5.28,4.096,21.339999999999975,0.23994735153125735
151,5.28,4.1598,45.20000000000002,0.10371862449199032
151,5.28,4.2492,18.72,0.11386975872313787
151,5.28,4.3554,14.969999999999999,0.16411715635940916
151,5.28,4.3702,8.710000000000008,0.05258870230623636
151,5.28,4.4343,5.650000000000006,0.1230761128767297
151,5.28,4.5226,16.069999999999993,0.3000235190098006
151,5.28,4.5419,17.55000000000001,0.112092803243382
151,5.28,4.6191,1.009999999999991,0.722603431451526
151,5.28,4.6231,3.4499999999999886,0.6059885017530986
151,5.28,4.6812,11.469999999999999,0.33669198973482956
151,5.28,4.6828,10.009999999999991,0.061281056416901514
151,5.28,4.7251,11.710000000000008,0.3035577100985295
151,5.28,4.7499,14.090000000000003,0.5943044920238989
151,5.28,4.8104,16.810000000000002,0.5206310853184672
151,5.28,4.8226,14.899999999999977,0.6379657833828198
151,5.28,4.8996,25.879999999999995,0.06764654194772457
157,5.17,4.229,12.550000000000011,0.014420634866557869
158,7.13,0.5638,0.040000000000020464,0.0051446752665560425
158,7.13,0.9942,0.28000000000000114,0.11118955373740769
158,7.13,1.486,0.25,0.08728636622039732
158,7.13,1.5897,0.4900000000000091,0.05499640758289881
158,7.13,1.6336,0.5,0.026654749655948606
158,7.13,1.8734,0.39999999999997726,0.06284313572715527
158,7.13,1.8924,0.4300000000000068,0.10740512248214018
158,7.13,2.2872,0.30000000000001137,0.2781499434565695
158,7.13,2.4179,0.25,0.18688554823473136
158,7.13,2.4322,1.3199999999999932,0.22051382023101473
158,7.13,2.5455,0.5300000000000011,0.07569599449732367
158,7.13,2.7047,0.28999999999999204,0.2163351624540184
158,7.13,2.823,0.6800000000000068,0.04834641801025241
158,7.13,2.8579,0.28000000000000114,0.22740921541258174
158,7.13,2.9042,1.339999999999975,0.15629551635090522
158,7.13,2.9047,0.4900000000000091,0.07055131923076763
158,7.13,2.9104,0.20999999999997954,0.18174087296817532
158,7.13,2.9832,0.25,0.48006773287544213
158,7.13,3.0527,0.9000000000000057,0.14756100456036392
158,7.13,3.0578,0.38999999999998636,0.2599693660243749
158,7.13,3.1352,0.8299999999999841,0.16678237602545853
158,7.13,3.2299,0.8600000000000136,0.1219258339462157
158,7.13,3.3812,0.18999999999999773,0.3079954009588759
158,7.13,3.4064,0.9399999999999977,0.04248035365623681
158,7.13,3.4557,0.10000000000002274,0.31496577360727374
158,7.13,3.641,0.14999999999997726,0.12404241250757608
158,7.13,3.6954,0.5699999999999932,0.14765946860732493
158,7.13,3.7243,0.7299999999999898,0.3989409826483381
158,7.13,3.7778,0.9799999999999898,0.04273996351788245
158,7.13,3.7985,1.009999999999991,0.09743982752406266
158,7.13,3.8857,0.7800000000000011,0.2713315700369172
158,7.13,3.8896,0.5,0.024867292206555813
158,7.13,3.979,0.7699999999999818,0.08395065635602683
158,7.13,3.9798,1.2299999999999898,0.2035729946889382
158,7.13,3.9988,1.1399999999999864,0.08743996350123129
158,7.13,4.0252,1.2299999999999898,0.2296255117526138
158,7.13,4.193,1.0199999999999818,0.047884638784438494
158,7.13,4.2033,0.18999999999999773,0.11889773724102004
158,7.13,4.205,1.4000000000000057,0.30878058049792756
158,7.13,4.3702,1.0,0.0045289821180301
158,7.13,4.4854,0.7199999999999989,0.10893003997187822
158,7.13,4.5531,1.8999999999999773,0.03819972971780472
158,7.13,4.5932,0.7099999999999795,0.16043439639851198
158,7.13,4.6475,0.6899999999999977,0.14802453016706707
158,7.13,4.6576,0.21000000000000796,0.00046352560670315235
158,7.13,4.6861,0.9599999999999795,0.000615693148525942
158,7.13,4.7123,1.3600000000000136,0.026286144764399166
158,7.13,4.7135,1.4399999999999977,0.19070997995533823
158,7.13,4.7991,1.4300000000000068,0.36785681272825643
158,7.13,4.8159,1.6800000000000068,0.008189585555714585
158,7.13,4.8212,0.8700000000000045,0.39891642996330057
158,7.13,4.9202,0.6399999999999864,0.22606610151343798
158,7.13,4.9267,1.509999999999991,0.11843595801520612
158,7.13,4.9785,0.040000000000020464,0.04091048599994296
164,5.7,2.3255,1.339999999999975,0.0932430624637337
164,5.7,4.0924,2.3100000000000023,0.07341059376700376
164,5.7,4.3349,0.4099999999999966,0.09607478559599336
165,5.31,4.0924,4.009999999999991,0.31385508512198945
165,5.31,4.3349,2.0,0.09246425845515938
168,6.7,1.7302,0.36000000000001364,0.014828880889593554
168,6.7,2.2505,0.07999999999998408,0.02487991975856585
168,6.7,2.4141,0.45999999999997954,0.18789431103106224
168,6.7,2.4884,0.11000000000001364,0.02511981208227132
168,6.7,2.6151,0.05000000000001137,0.027696446587720303
168,6.7,2.9847,0.3100000000000023,0.04252532747731386
168,6.7,3.0759,0.4399999999999977,0.010051038868972295
168,6.7,3.5706,0.75,0.21012426796839434
168,6.7,3.9162,0.20999999999997954,0.11552739359000652
168,6.7,3.9586,0.5300000000000011,0.3203224005708991
168,6.7,4.1106,0.4099999999999966,0.16019786444334194
168,6.7,4.2263,0.5400000000000205,0.09459687437838782
168,6.7,4.281,0.8899999999999864,0.1613835382293689
168,6.7,4.3497,0.8299999999999841,0.1852443482098285
168,6.7,4.5166,0.9399999999999977,0.16012453612755717
168,6.7,4.8618,0.12999999999999545,0.05257636634628615
168,6.7,4.927,0.7800000000000011,0.18650335031164023
168,6.7,4.9579,0.8600000000000136,0.18500445588612302
169,7.9,0.2854,0.03999999999999204,0.4305470771364108
169,7.9,2.2505,0.030000000000001137,0.0017397107389562905
169,7.9,2.4141,0.46999999999999886,0.13596751411914654
169,7.9,2.4884,0.1599999999999966,0.042417493559935515
169,7.9,2.6151,0.009999999999990905,0.04055956780477166
169,7.9,3.5706,0.7599999999999909,0.11619686018828501
169,7.9,3.9162,0.30000000000001137,0.15755832990159813
169,7.9,3.9586,0.46999999999999886,0.17092702368168067
169,7.9,4.1106,0.47999999999998977,0.09540794631437488
169,7.9,4.2263,0.45999999999997954,0.041361469713313115
169,7.9,4.281,0.8700000000000045,0.11437119618816971
169,7.9,4.3497,0.789999999999992,0.1179365709272413
169,7.9,4.5166,0.9499999999999886,0.07551907736730579
169,7.9,4.8618,0.020000000000010232,0.038819857065815366
169,7.9,4.927,0.710000000000008,0.15678868974810523
169,7.9,4.9579,0.9199999999999875,0.0737793666283495
177,6.52,0.5561,0.1599999999999966,0.11105242268204019
177,6.52,1.9905,0.06999999999999318,0.12044970240831931
177,6.52,2.3348,0.46000000000000796,0.012128692654422624
177,6.52,2.3592,0.8600000000000136,0.1758613016843511
177,6.52,2.4056,0.2300000000000182,0.0866273926596659
177,6.52,2.9778,0.8199999999999932,0.006686729197352914
177,6.52,3.1007,0.6299999999999955,0.262488694344017
177,6.52,3.3409,0.6199999999999761,0.05788150036617212
177,6.52,3.5006,0.030000000000001137,0.012964977164367841
177,6.52,3.9094,0.960000000000008,0.05275293489103383
177,6.52,4.0382,0.9399999999999977,0.07341049448493164
177,6.52,4.1434,1.1100000000000136,0.10867822584438125
177,6.52,4.2267,0.8899999999999864,0.24343687635962175
177,6.52,4.2352,0.789999999999992,0.011231667905980514
177,6.52,4.2824,0.9599999999999795,0.36388657876794106
177,6.52,4.2974,0.5100000000000193,0.0656160952178757
177,6.52,4.3285,0.22999999999998977,0.07449870000524328
177,6.52,4.423,0.4899999999999807,0.057235035535797785
177,6.52,4.4514,0.2699999999999818,0.2592738215156105
177,6.52,4.5817,1.1099999999999852,0.09464885870425821
177,6.52,4.6475,0.46000000000000796,0.21458060190448647
177,6.52,4.8218,0.11000000000001364,0.14822139883357033
179,6.0,0.2117,0.0,0.034936191511947934
179,6.0,0.5561,0.0700000000000216,0.004873679995761604
179,6.0,1.0639,12.949999999999989,0.06455826924675928
179,6.0,1.1225,15.52000000000001,0.13092679895606651
179,6.0,1.3316,0.0,0.4727553242034317
179,6.0,1.3488,0.0,0.18130855440697424
179,6.0,1.5526,4.990000000000009,0.08401409388033865
179,6.0,1.6165,57.8,0.09095349328256896
179,6.0,1.634,8.650000000000006,0.29571120260515504
179,6.0,1.8521,24.879999999999995,0.09486332314852408
179,6.0,1.9205,2.980000000000018,0.12800485405276008
179,6.0,1.9645,180.0,0.0624623926168697
179,6.0,2.0408,0.0,0.12939215455170583
179,6.0,2.0722,0.0,0.37903395456513694
179,6.0,2.0926,28.47,0.06636852970930723
179,6.0,2.1801,0.0,0.054025343160863604
179,6.0,2.2137,0.0,0.304341300174464
179,6.0,2.3188,0.0,0.17676685340800202
179,6.0,2.3383,0.0,0.08914901208063764
179,6.0,2.374,23.53,0.12878479188020503
179,6.0,2.3769,0.0,0.4725951964402598
179,6.0,2.4605,180.0,0.30979760557361136
179,6.0,2.4641,0.0,0.5551707434699494
179,6.0,2.4727,180.0,0.3447337970855593
179,6.0,2.5202,0.0,0.23415380116372686
179,6.0,2.5209,0.0,0.06547056433994414
179,6.0,2.5258,180.0,0.6937082852912545
179,6.0,2.5334,0.0,0.44348521692336906
179,6.0,2.6022,0.0,0.22399296486752318
179,6.0,2.608,0.0,0.34336316965172586
179,6.0,2.6111,70.75,0.026395224035809683
179,6.0,2.657,0.0,0.27519185266987645
179,6.0,2.674,0.0,0.5901069349818974
179,6.0,2.675,0.0,0.5844308604667472
179,6.0,2.6929,0.0,0.24677911874691838
179,6.0,2.742,24.170000000000016,0.16478440364908853
179,6.0,2.7769,0.0,0.03948627734877963
179,6.0,2.8319,0.0,0.5384951013381909
179,6.0,2.9352,180.0,0.2809843779189154
179,6.0,2.9778,1.299999999999983,0.06854636085716748
179,6.0,2.9808,0.0,0.49106794607695453
179,6.0,3.0195,3.4399999999999977,0.3754927203980645
179,6.0,3.1655,0.0,0.19990805769550535
179,6.0,3.1702,0.0,0.4561317545650066
179,6.0,3.1751,64.91,0.12809681321439112
179,6.0,3.1798,122.71000000000001,0.21905030649696008
179,6.0,3.1857,13.639999999999986,0.3797252964854937
179,6.0,3.218,0.0,0.18392769962566488
179,6.0,3.2566,0.0,0.1011904729657227
179,6.0,3.4085,0.0,0.22497802967315017
179,6.0,3.4124,0.0,0.2544021554185762
179,6.0,3.4307,180.0,0.8999045405555087
179,6.0,3.44,82.68,0.003909829865955117
179,6.0,3.4718,7.969999999999999,0.04399076017242143
179,6.0,3.536,180.0,0.046062612425995325
179,6.0,3.5823,0.0,0.45195870607787847
179,6.0,3.5888,0.0,0.29598847079542967
179,6.0,3.6969,86.27000000000001,0.1573220229918762
179,6.0,3.7239,37.120000000000005,0.2293426728958478
179,6.0,3.7997,180.0,0.26237045031237505
179,6.0,3.8523,0.0,0.6247937713303433
179,6.0,3.864,0.0,0.04742715526123631
179,6.0,3.8784,180.0,0.15931866444448783
179,6.0,3.9585,51.96000000000001,0.1926550824611504
179,6.0,3.9746,0.0,0.286413810182701
179,6.0,3.9755,180.0,0.28744042229001987
179,6.0,3.9948,0.0,0.012041460885085065
179,6.0,4.003,180.0,0.15159222336720957
179,6.0,4.0345,0.7800000000000011,0.08388080856744873
179,6.0,4.0425,48.41,0.2236481150287291
179,6.0,4.0644,0.0,0.08236334677318424
179,6.0,4.1004,180.0,0.3668036927913337
179,6.0,4.122,0.0,0.6131877557288639
179,6.0,4.1312,0.0,0.2174764538597025
179,6.0,4.1811,180.0,0.1917709462845163
179,6.0,4.2171,0.0,0.07469265439067296
179,6.0,4.2319,0.0,0.020796618125553223
179,6.0,4.2938,29.159999999999997,0.24879849752942718
179,6.0,4.304,180.0,0.4122956968171797
179,6.0,4.3075,180.0,0.22478922878443197
179,6.0,4.3272,0.0,0.4681829666457746
179,6.0,4.3581,95.63,0.0684680991127144
179,6.0,4.4008,147.59,0.124186983348436
179,6.0,4.4291,0.0,0.6493620498482618
179,6.0,4.4484,180.0,0.10988954787810601
179,6.0,4.4514,1.2600000000000193,0.0977606545551275
179,6.0,4.456,36.44,0.061728283505083886
179,6.0,4.471,0.0,0.3450105577540772
179,6.0,4.5058,0.0,0.19740334377038338
179,6.0,4.516,4.6699999999999875,0.20646424168313227
179,6.0,4.5488,180.0,0.8231004398429603
179,6.0,4.5658,0.1699999999999875,0.017955704294810637
179,6.0,4.5668,180.0,0.6009574939550606
179,6.0,4.5994,180.0,0.14482573939005394
179,6.0,4.6234,0.0,0.25297703237269187
179,6.0,4.6328,1.829999999999984,0.19969747888359235
179,6.0,4.6369,180.0,0.8008655516505658
179,6.0,4.6759,0.0,0.6902643356702874
179,6.0,4.6886,8.879999999999995,0.0414648038942263
179,6.0,4.7535,0.0,0.2980170502840461
179,6.0,4.7738,0.0,0.16659631624372384
179,6.0,4.8218,1.1899999999999977,0.0928869745593659
179,6.0,4.8376,180.0,0.5917817224644839
179,6.0,4.898,0.0,0.3669924936800519
179,6.0,4.9671,180.0,0.13853754182130507
179,6.0,4.9722,0.0,0.24860223157273664
199,5.5,0.6355,2.469999999999999,0.34635788593522165
278,6.8,0.6942,0.020000000000010232,0.41523794683270004
278,6.8,2.0206,0.960000000000008,0.4120459788002489
278,6.8,2.2096,2.4099999999999966,0.09043175766417999
278,6.8,3.9655,2.1699999999999875,0.3675248934830677
278,6.8,4.3184,7.22999999999999,0.12494341385966001
278,6.8,4.7819,2.8300000000000125,0.06721836626838262
278,6.8,4.83,4.8700000000000045,0.46720354127360075
278,6.8,4.9253,1.0600000000000023,0.048707231080478364
279,6.9,2.4481,1.170000000000016,0.1824162914519094
279,6.9,2.5816,1.259999999999991,0.0751656539513782
279,6.9,2.79,2.180000000000007,0.017411121724837275
279,6.9,2.8774,2.079999999999984,0.1932105016211122
279,6.9,3.165,0.0,0.01691383460377127
279,6.9,3.2782,2.1100000000000136,0.1700988289457489
279,6.9,3.5955,0.0,0.22823639002752938
279,6.9,3.9553,4.2099999999999795,0.13820383215149068
279,6.9,4.5765,5.590000000000003,0.2622379336308248
279,6.9,4.7812,2.780000000000001,0.06518122445492902
280,7.2,0.0924,0.020000000000010232,0.025637478044912898
280,7.2,0.1025,0.0,0.00905731386529518
280,7.2,0.1226,0.29000000000002046,0.010573135200293016
280,7.2,0.1842,0.030000000000001137,0.19870184077948827
280,7.2,0.2152,0.060000000000002274,0.06953063933843762
280,7.2,0.2763,0.05000000000001137,0.04708095889132102
280,7.2,0.3362,0.09999999999999432,0.10429269266981689
280,7.2,0.3849,0.09000000000000341,0.12917120144105065
280,7.2,0.4738,0.11000000000001364,0.022449680447116593
280,7.2,0.5857,0.17000000000001592,0.040190710578513755
280,7.2,0.6543,0.13999999999998636,0.17625216033237168
280,7.2,0.9148,0.1599999999999966,0.04499415404237972
280,7.2,1.0642,0.28999999999999204,0.35892167070173664
280,7.2,1.1003,0.22999999999998977,0.018953600768492063
280,7.2,1.2132,0.3199999999999932,0.16021982992224837
280,7.2,1.3641,0.3400000000000034,0.10436839806116271
280,7.2,1.4283,0.37999999999999545,0.22975046926068599
280,7.2,1.445,0.44999999999998863,0.1975708992572447
280,7.2,1.486,0.19999999999998863,0.11367300814161885
280,7.2,1.6278,0.38999999999998636,0.05728743916984169
280,7.2,1.6366,0.710000000000008,0.07799885781708871
280,7.2,1.6668,0.4300000000000068,0.18266951036936496
280,7.2,1.6854,0.4000000000000057,0.021237109810021693
280,7.2,1.7857,0.4099999999999966,0.03715423131974127
280,7.2,1.8363,0.44999999999998863,0.1268180785082793
280,7.2,1.9529,0.0800000000000125,0.09354898567686698
280,7.2,1.9826,0.21999999999999886,0.2260216575871712
280,7.2,2.0127,0.47999999999998977,0.07188376227120896
280,7.2,2.0277,0.25,0.13855748456504346
280,7.2,2.0911,0.4200000000000159,0.1979173837380297
280,7.2,2.1126,0.4900000000000091,0.008978864548245147
280,7.2,2.1168,0.030000000000001137,0.140629944568188
280,7.2,2.1309,0.5099999999999909,0.1941740472179987
280,7.2,2.1585,0.030000000000001137,0.07109930522975039
280,7.2,2.292,0.4000000000000057,0.09882111234888002
280,7.2,2.2927,0.060000000000002274,0.26980114600923866
280,7.2,2.3012,0.6299999999999955,0.10049996537971362
280,7.2,2.4307,0.8100000000000023,0.020386289013296643
280,7.2,2.4504,0.9499999999999886,0.12486956992144527
280,7.2,2.4642,0.6599999999999966,0.03121184603026861
280,7.2,2.5179,0.5200000000000102,0.08933143271652932
280,7.2,2.5841,0.4900000000000091,0.1162179205037186
280,7.2,2.6363,0.6100000000000136,0.08375901785742745
280,7.2,2.6441,0.9200000000000159,0.12272156607543039
280,7.2,2.683,0.3499999999999943,0.08912052469249798
280,7.2,2.7093,1.170000000000016,0.05842241909130608
280,7.2,2.7653,0.18999999999999773,0.21208252082181578
280,7.2,2.8449,0.09999999999999432,0.05947934319806358
280,7.2,2.8537,0.6500000000000057,0.25523537004711394
280,7.2,2.8911,0.5300000000000011,0.10771412276065306
280,7.2,2.9042,0.5799999999999841,0.1547950816519741
280,7.2,2.9148,0.18000000000000682,0.2929451476412699
280,7.2,2.9905,0.28000000000000114,0.049410788236426306
280,7.2,2.9907,0.7700000000000102,0.012947279999425909
280,7.2,2.9923,0.47999999999998977,0.1196038837965514
280,7.2,3.0037,1.4799999999999898,0.16561815140365166
280,7.2,3.0037,0.7199999999999989,0.26525277675451053
280,7.2,3.0079,0.7400000000000091,0.23961529870959763
280,7.2,3.0087,0.15000000000000568,0.09424330686178162
280,7.2,3.0204,0.09000000000000341,0.16377394620021923
280,7.2,3.0221,0.7700000000000102,0.2870379084305277
280,7.2,3.0354,0.7300000000000182,0.02142899821826827
280,7.2,3.0374,0.6399999999999864,0.08526444231353647
280,7.2,3.0707,0.6699999999999875,0.28396628309302474
280,7.2,3.1916,0.03999999999999204,0.11669298730889821
280,7.2,3.1992,0.36000000000001364,0.25227323140032953
280,7.2,3.2177,0.28000000000000114,0.0848651490078729
280,7.2,3.2466,0.36000000000001364,0.012724634956578829
280,7.2,3.2665,0.7299999999999898,0.1127057502493718
280,7.2,3.2672,0.46999999999999886,0.06597652306046675
280,7.2,3.3408,0.7699999999999818,0.1656287087401449
280,7.2,3.3427,0.8899999999999864,0.012258245261776546
280,7.2,3.3545,0.8100000000000023,0.1359753436686213
280,7.2,3.3563,0.8000000000000114,0.0774744392861979
280,7.2,3.4031,0.8400000000000034,0.16059833911161348
280,7.2,3.4107,0.5999999999999943,0.03619856885542094
280,7.2,3.4144,0.8700000000000045,0.12062578716770345
280,7.2,3.4149,0.38999999999998636,0.14226263972974373
280,7.2,3.452,0.6999999999999886,0.14790483333916682
280,7.2,3.4706,0.28000000000000114,0.013486268403301693
280,7.2,3.4777,0.75,0.19498579223048784
280,7.2,3.4804,0.9499999999999886,0.14328185999578408
280,7.2,3.4964,0.710000000000008,0.01752481273806694
280,7.2,3.5105,0.6899999999999977,0.08381585695261795
280,7.2,3.5364,1.240000000000009,0.13270872479549106
280,7.2,3.5486,0.6500000000000057,0.15979459437506516
280,7.2,3.5895,1.0999999999999943,0.1457688684904921
280,7.2,3.6162,0.8100000000000023,0.12545515289205023
280,7.2,3.6526,0.6399999999999864,0.07147798763820346
280,7.2,3.6535,0.8400000000000034,0.3241569936715385
280,7.2,3.6651,0.3299999999999841,0.01456000643265365
280,7.2,3.6954,0.5300000000000011,0.2044430306366416
280,7.2,3.7074,0.6699999999999875,0.2675250758408052
280,7.2,3.714,1.0,0.2780799083623373
280,7.2,3.7234,1.0,0.16611484535461596
280,7.2,3.749,0.9399999999999977,0.1036863006546227
280,7.2,3.7833,0.4300000000000068,0.3759719162447721
280,7.2,3.7907,0.710000000000008,0.3789895491961559
280,7.2,3.8002,0.19999999999998863,0.14689928867310176
280,7.2,3.8252,0.9699999999999989,0.09501554012486557
280,7.2,3.8355,0.6800000000000068,0.11569218298847672
280,7.2,3.8529,0.6200000000000045,0.38661999669878466
280,7.2,3.8628,6.439999999999998,0.28853210179774075
280,7.2,3.8628,6.439999999999998,0.004419139543770378
280,7.2,3.8689,1.259999999999991,0.17718461024394805
280,7.2,3.8977,0.3499999999999943,0.19913140355095948
280,7.2,3.8988,0.30000000000001137,0.22106138537006093
280,7.2,3.9543,0.960000000000008,0.0749553876087119
280,7.2,3.9659,0.6399999999999864,0.5618948219420044
280,7.2,3.9667,1.0699999999999932,0.06904489188607421
280,7.2,3.9713,0.6599999999999966,0.08690422600371273
280,7.2,3.9871,0.6200000000000045,0.5362573438970915
280,7.2,3.9884,1.0699999999999932,0.07810220575136939
280,7.2,4.007,1.0300000000000011,0.025484900786427955
280,7.2,4.0094,0.46999999999999886,0.08746417302212772
280,7.2,4.0856,0.5900000000000034,0.23331963063183747
280,7.2,4.0924,2.8600000000000136,0.12879648401815808
280,7.2,4.1055,2.569999999999993,0.1393696192184511
280,7.2,4.1207,1.0900000000000034,0.29915582367665694
280,7.2,4.131,0.2400000000000091,0.009535144096990855
280,7.2,4.1414,1.0800000000000125,0.07256585967774898
280,7.2,4.1523,0.09000000000000341,0.037340995149747425
280,7.2,4.1583,0.6899999999999977,0.3605059322875501
280,7.2,4.2856,0.9300000000000068,0.05217720139678805
280,7.2,4.3322,0.25,0.07103438290084862
280,7.2,4.3349,7.8700000000000045,0.1018322429238464
280,7.2,4.3404,1.0999999999999943,0.1905783134538832
280,7.2,4.3739,1.0699999999999932,0.7385186733490132
280,7.2,4.3846,1.1699999999999875,0.06768187749726584
280,7.2,4.3992,1.1899999999999977,0.04204439945235294
280,7.2,4.4019,0.6800000000000068,0.4090711675634304
280,7.2,4.5087,0.9300000000000068,0.12895123257067476
280,7.2,4.539,1.1299999999999955,0.03476467703019814
280,7.2,4.5426,1.0500000000000114,0.010851144916305788
280,7.2,4.5503,1.1399999999999864,0.15081572982682
280,7.2,4.5531,0.12999999999999545,0.05841248287626444
280,7.2,4.5531,0.9799999999999898,0.17603219146199578
280,7.2,4.5538,0.8799999999999955,0.4367571181213614
280,7.2,4.5721,1.2199999999999989,0.00997925253613019
280,7.2,4.6337,0.6800000000000068,0.1659756816992617
280,7.2,4.65,0.6100000000000136,0.014165137083786083
280,7.2,4.6709,0.7400000000000091,0.117634859944314
280,7.2,4.6752,2.1899999999999977,0.31437202349494836
280,7.2,4.7,1.039999999999992,0.10650155212355816
280,7.2,4.7416,1.539999999999992,0.09231946123607515
280,7.2,4.7445,1.0699999999999932,0.30520339290304643
280,7.2,4.7473,1.1299999999999955,0.04473993286551514
280,7.2,4.7929,1.4199999999999875,0.060474045079021765
280,7.2,4.7957,1.0500000000000114,0.1791149771434466
280,7.2,4.8338,1.3199999999999932,0.6101162022026565
280,7.2,4.8464,0.8299999999999841,0.08090834141633185
280,7.2,4.8986,0.7700000000000102,0.1470186116242329
280,7.2,4.911,0.4300000000000068,0.1036984755803696
280,7.2,4.9127,0.13999999999998636,0.003705155164700269
280,7.2,4.9202,1.289999999999992,0.11909492085797946
280,7.2,4.9247,2.1200000000000045,0.06644715083013919
280,7.2,4.9295,0.22999999999998977,0.26367183555194096
280,7.2,4.9348,0.6999999999999886,0.10641777379061979
280,7.2,4.9433,1.210000000000008,0.08875084764816488
280,7.2,4.9618,1.3499999999999943,0.08597807470610364
280,7.2,4.9905,1.1399999999999864,0.21645597229319402
