EQID,RSN_1,RSN_2,Station_1,Station_2,Station_ID_1,Station_ID_2,Magnitude,Distance_km,PGA_1_g,PGA_2_g,PGV_1_cm_s,PGV_2_cm_s,Azimuth_1_deg,Azimuth_2_deg
113,674,676,Pasadena - Brown Gym,Pasadena - CIT Bridge Lab,80046,80052,5.99,0.0,0.14064,0.16979,13.175,13.333,88.19,88.19
113,674,677,Pasadena - Brown Gym,Pasadena - CIT Calif Blvd,80046,80047,5.99,0.0,0.14064,0.22155,13.175,14.992,88.19,88.19
113,674,678,Pasadena - Brown Gym,Pasadena - CIT Indust. Rel,80046,80051,5.99,0.0,0.14064,0.24102,13.175,13.398,88.19,88.19
113,674,679,Pasadena - Brown Gym,Pasadena - CIT Keck Lab,80046,80049,5.99,0.0,0.14064,0.15842,13.175,11.934,88.19,88.19
113,674,681,Pasadena - Brown Gym,Pasadena - CIT Lura St,80046,80048,5.99,0.0,0.14064,0.34929,13.175,15.613,88.19,88.19
113,674,682,Pasadena - Brown Gym,Pasadena - CIT Mudd Lab,80046,80050,5.99,0.0,0.14064,0.16139,13.175,14.307,88.19,88.19
113,676,677,Pasadena - CIT Bridge Lab,Pasadena - CIT Calif Blvd,80052,80047,5.99,0.0,0.16979,0.22155,13.333,14.992,88.19,88.19
113,676,678,Pasadena - CIT Bridge Lab,Pasadena - CIT Indust. Rel,80052,80051,5.99,0.0,0.16979,0.24102,13.333,13.398,88.19,88.19
113,676,679,Pasadena - CIT Bridge Lab,Pasadena - CIT Keck Lab,80052,80049,5.99,0.0,0.16979,0.15842,13.333,11.934,88.19,88.19
113,676,681,Pasadena - CIT Bridge Lab,Pasadena - CIT Lura St,80052,80048,5.99,0.0,0.16979,0.34929,13.333,15.613,88.19,88.19
113,676,682,Pasadena - CIT Bridge Lab,Pasadena - CIT Mudd Lab,80052,80050,5.99,0.0,0.16979,0.16139,13.333,14.307,88.19,88.19
113,677,678,Pasadena - CIT Calif Blvd,Pasadena - CIT Indust. Rel,80047,80051,5.99,0.0,0.22155,0.24102,14.992,13.398,88.19,88.19
113,677,679,Pasadena - CIT Calif Blvd,Pasadena - CIT Keck Lab,80047,80049,5.99,0.0,0.22155,0.15842,14.992,11.934,88.19,88.19
113,677,681,Pasadena - CIT Calif Blvd,Pasadena - CIT Lura St,80047,80048,5.99,0.0,0.22155,0.34929,14.992,15.613,88.19,88.19
113,677,682,Pasadena - CIT Calif Blvd,Pasadena - CIT Mudd Lab,80047,80050,5.99,0.0,0.22155,0.16139,14.992,14.307,88.19,88.19
113,678,679,Pasadena - CIT Indust. Rel,Pasadena - CIT Keck Lab,80051,80049,5.99,0.0,0.24102,0.15842,13.398,11.934,88.19,88.19
113,678,681,Pasadena - CIT Indust. Rel,Pasadena - CIT Lura St,80051,80048,5.99,0.0,0.24102,0.34929,13.398,15.613,88.19,88.19
113,678,682,Pasadena - CIT Indust. Rel,Pasadena - CIT Mudd Lab,80051,80050,5.99,0.0,0.24102,0.16139,13.398,14.307,88.19,88.19
113,679,681,Pasadena - CIT Keck Lab,Pasadena - CIT Lura St,80049,80048,5.99,0.0,0.15842,0.34929,11.934,15.613,88.19,88.19
113,679,682,Pasadena - CIT Keck Lab,Pasadena - CIT Mudd Lab,80049,80050,5.99,0.0,0.15842,0.16139,11.934,14.307,88.19,88.19
113,681,682,Pasadena - CIT Lura St,Pasadena - CIT Mudd Lab,80048,80050,5.99,0.0,0.34929,0.16139,15.613,14.307,88.19,88.19
280,5836,5838,El Centro - Meloland Geot. Array,El Centro - Meloland Geotechnic,1336,1794,7.2,0.0,0.37814,0.19262,27.134,25.673,90.0,90.0
280,5908,5910,Irvine - 2-story Caltrans TMC,Irvine - I5 & Hwy 133,13208,13220,7.2,0.0,0.021805,0.021249,4.893,4.906,-32.81,-32.81
